,year,Stations_Id,mingrad,maxgrad,minday,maxday
0,2021,7824,2021-10-16,2021-11-09,2021-09-02,2021-05-25
1,2021,7807,2021-03-25,2021-11-04,2021-09-01,2021-11-04
2,2021,7803,2021-09-13,2021-06-05,2021-05-16,2021-11-08
3,2021,7799,2021-05-09,2021-11-09,2021-06-18,2021-11-09
4,2021,7772,2021-10-08,2021-11-05,2021-04-19,2021-11-05
5,2021,7761,2021-08-09,2021-11-05,2021-08-29,2021-11-05
6,2021,7759,2021-03-30,2021-10-08,2021-09-26,2021-11-01
7,2021,7741,2021-07-15,2021-10-07,2021-07-31,2021-07-11
8,2021,7737,2021-09-18,2021-09-02,2021-08-29,2021-11-09
9,2021,7736,2021-06-25,2021-11-08,2021-07-15,2021-04-14
10,2021,7730,2021-03-30,2021-11-09,2021-11-01,2021-03-30
11,2021,7711,2021-04-27,2021-11-09,2021-10-04,2021-11-09
12,2021,7700,2021-08-17,2021-11-09,2021-07-08,2021-11-09
13,2021,7686,2021-09-14,2021-10-04,2021-09-26,2021-05-17
14,2021,7646,2021-08-01,2021-10-12,2021-09-02,2021-10-24
15,2021,7642,2021-09-26,2021-09-06,2021-05-21,2021-09-10
16,2021,7624,2021-06-23,2021-11-10,2021-09-07,2021-11-10
17,2021,7623,2021-07-31,2021-05-16,2021-05-04,2021-10-03
18,2021,7566,2021-07-13,2021-10-09,2021-08-14,2021-11-02
19,2021,7532,2021-08-04,2021-09-09,2021-09-01,2021-06-13
20,2021,7521,2021-08-29,2021-11-05,2021-06-10,2021-10-08
21,2020,7824,2020-11-11,2020-10-06,2020-07-10,2020-11-07
22,2020,7807,2020-04-10,2020-04-02,2020-10-03,2020-04-06
23,2020,7803,2020-07-31,2020-09-21,2020-08-04,2020-05-24
24,2020,7799,2020-09-13,2020-09-29,2020-05-12,2020-04-06
25,2020,7772,2020-10-07,2020-03-25,2020-04-18,2020-04-02
26,2020,7761,2020-07-27,2020-10-07,2020-07-31,2020-04-02
27,2020,7759,2020-10-31,2020-11-12,2020-06-25,2020-10-07
28,2020,7741,2020-07-07,2020-03-25,2020-07-31,2020-04-02
29,2020,7737,2020-09-01,2020-03-25,2020-08-08,2020-11-08
30,2020,7736,2020-07-31,2020-08-20,2020-08-12,2020-09-01
31,2020,7730,2020-06-13,2020-10-03,2020-07-31,2020-05-28
32,2020,7711,2020-11-08,2020-09-29,2020-06-25,2020-10-23
33,2020,7700,2020-04-14,2020-06-29,2020-09-29,2020-07-11
34,2020,7686,2020-09-05,2020-09-25,2020-09-21,2020-08-28
35,2020,7646,2020-10-25,2020-06-23,2020-06-03,2020-08-06
36,2020,7642,2020-09-19,2020-11-06,2020-11-02,2020-09-03
37,2020,7624,2020-07-11,2020-03-25,2020-08-04,2020-04-10
38,2020,7623,2020-11-08,2020-10-15,2020-07-27,2020-10-31
39,2020,7566,2020-05-16,2020-07-11,2020-06-01,2020-09-05
40,2020,7532,2020-07-27,2020-09-21,2020-08-04,2020-05-16
41,2020,7521,2020-09-01,2020-03-25,2020-07-27,2020-11-08
42,2019,7824,2019-07-15,2019-08-08,2019-05-16,2019-07-07
43,2019,7807,2019-07-19,2019-03-29,2019-04-14,2019-07-11
44,2019,7803,2019-10-15,2019-11-08,2019-06-09,2019-08-04
45,2019,7799,2019-08-06,2019-03-31,2019-06-27,2019-04-08
46,2019,7772,2019-08-10,2019-03-31,2019-03-31,2019-08-10
47,2019,7761,2019-09-09,2019-09-01,2019-09-17,2019-03-29
48,2019,7759,2019-05-18,2019-07-01,2019-04-16,2019-07-29
49,2019,7741,2019-07-21,2019-11-10,2019-08-18,2019-11-10
50,2019,7737,2019-06-15,2019-07-21,2019-08-26,2019-05-30
51,2019,7736,2019-09-09,2019-09-01,2019-09-21,2019-07-31
52,2019,7730,2019-11-14,2019-10-25,2019-04-24,2019-08-06
53,2019,7711,2019-11-10,2019-08-06,2019-08-06,2019-10-09
54,2019,7700,2019-09-15,2019-09-03,2019-11-10,2019-09-15
55,2019,7686,2019-10-29,2019-03-31,2019-06-19,2019-10-09
56,2019,7646,2019-04-28,2019-04-20,2019-05-14,2019-07-25
57,2019,7642,2019-07-09,2019-07-25,2019-07-21,2019-08-06
58,2019,7624,2019-06-21,2019-11-08,2019-04-14,2019-11-08
59,2019,7623,2019-03-26,2019-09-18,2019-11-09,2019-03-26
60,2019,7566,2019-05-14,2019-06-27,2019-03-31,2019-08-30
61,2019,7532,2019-10-27,2019-09-25,2019-08-24,2019-10-03
62,2019,7521,2019-05-22,2019-04-24,2019-04-16,2019-05-18
63,2018,7824,2018-08-22,2018-07-29,2018-05-02,2018-08-14
64,2018,7807,2018-05-12,2018-10-19,2018-05-24,2018-08-16
65,2018,7803,2018-09-03,2018-08-26,2018-08-02,2018-10-17
66,2018,7799,2018-04-20,2018-08-02,2018-05-30,2018-04-20
67,2018,7772,2018-06-19,2018-07-17,2018-07-01,2018-07-21
68,2018,7761,2018-08-26,2018-10-21,2018-06-11,2018-08-18
69,2018,7759,2018-11-14,2018-06-07,2018-05-06,2018-08-22
70,2018,7741,2018-05-10,2018-05-22,2018-06-27,2018-10-21
71,2018,7737,2018-09-03,2018-08-26,2018-05-06,2018-08-26
72,2018,7736,2018-07-01,2018-06-15,2018-07-05,2018-04-16
73,2018,7730,2018-06-27,2018-09-03,2018-07-01,2018-09-27
74,2018,7711,2018-09-07,2018-07-05,2018-09-27,2018-07-17
75,2018,7700,2018-10-05,2018-06-27,2018-05-14,2018-08-18
76,2018,7686,2018-03-26,2018-10-24,2018-05-29,2018-08-25
77,2018,7646,2018-04-10,2018-05-08,2018-06-05,2018-04-02
78,2018,7642,2018-11-04,2018-10-23,2018-10-11,2018-04-02
79,2018,7624,2018-10-25,2018-10-13,2018-10-25,2018-08-06
80,2018,7623,2018-05-06,2018-10-29,2018-05-10,2018-07-29
81,2018,7566,2018-09-23,2018-06-11,2018-10-25,2018-07-25
82,2018,7532,2018-06-15,2018-08-30,2018-07-01,2018-05-06
83,2018,7521,2018-04-08,2018-04-20,2018-05-10,2018-08-18
84,2017,7824,2017-04-20,2017-07-01,2017-09-15,2017-04-20
85,2017,7807,2017-09-06,2017-07-08,2017-11-05,2017-07-28
86,2017,7803,2017-11-04,2017-04-30,2017-04-30,2017-10-27
87,2017,7799,2017-04-30,2017-09-17,2017-07-07,2017-04-30
88,2017,7772,2017-05-29,2017-04-03,2017-10-28,2017-04-27
89,2017,7761,2017-04-27,2017-11-09,2017-06-02,2017-04-19
90,2017,7759,2017-10-24,2017-11-09,2017-04-19,2017-11-09
91,2017,7741,2017-10-24,2017-09-18,2017-10-28,2017-09-26
92,2017,7737,2017-11-05,2017-09-06,2017-09-06,2017-10-24
93,2017,7736,2017-04-03,2017-09-14,2017-09-10,2017-04-03
94,2017,7730,2017-04-03,2017-07-16,2017-05-21,2017-10-24
95,2017,7711,2017-04-27,2017-06-30,2017-06-02,2017-04-03
96,2017,7700,2017-11-05,2017-09-14,2017-11-05,2017-10-24
97,2017,7686,2017-11-05,2017-06-18,2017-05-01,2017-09-10
98,2017,7646,2017-04-27,2017-06-18,2017-05-29,2017-08-25
99,2017,7642,2017-11-05,2017-09-02,2017-11-05,2017-10-16
100,2017,7624,2017-04-03,2017-06-30,2017-05-01,2017-11-09
101,2017,7623,2017-11-04,2017-07-19,2017-11-04,2017-09-09
102,2017,7566,2017-04-30,2017-07-19,2017-06-01,2017-10-27
103,2017,7532,2017-06-18,2017-04-03,2017-06-22,2017-04-27
104,2017,7521,2017-11-04,2017-07-19,2017-06-17,2017-09-05
0,2021,8133,2021-11-09,2021-08-09,2021-11-09,2021-09-26
1,2021,8093,2021-06-30,2021-09-06,2021-09-02,2021-04-03
2,2021,8025,2021-09-26,2021-10-24,2021-09-30,2021-10-24
3,2021,7991,2021-03-30,2021-09-06,2021-07-12,2021-11-17
4,2021,7957,2021-03-28,2021-06-20,2021-06-12,2021-03-28
5,2021,7920,2021-09-04,2021-09-12,2021-05-07,2021-09-24
6,2021,7897,2021-09-26,2021-07-20,2021-09-26,2021-06-10
7,2021,7881,2021-04-27,2021-03-30,2021-05-05,2021-06-18
8,2021,7872,2021-06-06,2021-11-09,2021-09-06,2021-11-09
9,2021,7865,2021-07-24,2021-03-30,2021-08-01,2021-07-16
10,2021,7862,2021-11-09,2021-10-08,2021-09-26,2021-11-05
11,2021,7857,2021-11-09,2021-10-08,2021-06-30,2021-11-05
12,2020,8133,2020-07-17,2020-11-02,2020-08-22,2020-05-06
13,2020,8093,2020-11-04,2020-06-17,2020-06-09,2020-03-29
14,2020,8025,2020-05-28,2020-10-11,2020-07-23,2020-11-04
15,2020,7991,2020-11-06,2020-06-27,2020-04-24,2020-08-06
16,2020,7957,2020-10-31,2020-11-12,2020-06-21,2020-04-02
17,2020,7920,2020-09-05,2020-06-01,2020-05-04,2020-08-28
18,2020,7897,2020-11-04,2020-09-21,2020-05-16,2020-07-23
19,2020,7881,2020-07-19,2020-05-16,2020-04-22,2020-08-20
20,2020,7872,2020-10-27,2020-03-25,2020-09-13,2020-10-11
21,2020,7865,2020-05-04,2020-04-26,2020-09-21,2020-04-30
22,2020,7862,2020-07-27,2020-07-11,2020-06-21,2020-04-02
23,2020,7857,2020-11-08,2020-10-15,2020-09-17,2020-08-12
24,2019,8133,2019-07-23,2019-09-21,2019-09-01,2019-09-25
25,2019,8093,2019-05-10,2019-08-22,2019-06-11,2019-09-19
26,2019,8025,2019-06-13,2019-10-11,2019-08-20,2019-05-04
27,2019,7991,2019-06-04,2019-08-27,2019-08-03,2019-09-20
28,2019,7957,2019-10-03,2019-11-08,2019-06-09,2019-08-08
29,2019,7920,2019-10-27,2019-04-22,2019-03-29,2019-04-30
30,2019,7897,2019-09-30,2019-08-25,2019-06-26,2019-05-13
31,2019,7881,2019-08-20,2019-11-08,2019-04-14,2019-11-08
32,2019,7872,2019-07-23,2019-06-21,2019-05-12,2019-07-15
33,2019,7865,2019-06-01,2019-06-29,2019-09-21,2019-07-11
34,2019,7862,2019-08-20,2019-09-01,2019-07-23,2019-09-09
35,2019,7857,2019-06-05,2019-03-29,2019-04-30,2019-05-28
36,2018,8133,2018-05-24,2018-07-23,2018-07-03,2018-04-18
37,2018,8093,2018-07-20,2018-06-30,2018-06-26,2018-04-15
38,2018,8025,2018-11-13,2018-08-21,2018-07-04,2018-09-10
39,2018,7991,2018-09-22,2018-04-07,2018-11-17,2018-08-21
40,2018,7957,2018-04-03,2018-10-16,2018-05-13,2018-04-03
41,2018,7920,2018-04-15,2018-04-23,2018-05-09,2018-04-03
42,2018,7897,2018-11-13,2018-07-04,2018-05-05,2018-09-06
43,2018,7881,2018-08-11,2018-07-22,2018-04-21,2018-08-03
44,2018,7872,2018-10-09,2018-07-21,2018-05-22,2018-09-27
45,2018,7865,2018-05-30,2018-05-18,2018-05-06,2018-08-06
46,2018,7862,2018-09-03,2018-06-11,2018-05-22,2018-08-26
47,2018,7857,2018-04-08,2018-07-01,2018-06-11,2018-09-23
48,2017,8133,2017-04-30,2017-09-17,2017-07-07,2017-10-15
49,2017,8093,2017-11-04,2017-07-07,2017-11-04,2017-07-19
50,2017,7991,2017-06-17,2017-10-11,2017-07-03,2017-10-15
51,2017,7957,2017-10-27,2017-06-21,2017-04-30,2017-09-05
52,2017,7920,2017-11-04,2017-07-19,2017-04-30,2017-08-20
53,2017,7881,2017-11-04,2017-04-30,2017-11-04,2017-06-01
54,2017,7872,2017-04-03,2017-07-16,2017-06-18,2017-09-14
55,2017,7865,2017-11-05,2017-09-10,2017-11-05,2017-10-24
56,2017,7862,2017-11-05,2017-06-18,2017-04-03,2017-09-06
57,2017,7857,2017-11-04,2017-09-17,2017-11-04,2017-10-27
0,2021,8438,2021-05-30,2021-07-21,2021-10-09,2021-04-12
1,2021,8435,2021-03-26,2021-04-03,2021-08-21,2021-04-19
2,2021,8430,2021-09-14,2021-10-24,2021-04-27,2021-09-02
3,2021,8429,2021-04-17,2021-07-26,2021-08-23,2021-04-17
4,2021,8426,2021-08-13,2021-04-27,2021-07-20,2021-05-05
5,2021,8418,2021-08-09,2021-08-01,2021-07-16,2021-04-27
6,2021,8403,2021-09-07,2021-07-25,2021-04-12,2021-07-29
7,2021,8402,2021-05-18,2021-05-10,2021-10-21,2021-05-14
8,2021,8400,2021-07-08,2021-09-22,2021-09-06,2021-05-17
9,2021,8390,2021-07-28,2021-11-05,2021-08-13,2021-11-05
10,2021,8365,2021-07-03,2021-08-04,2021-07-15,2021-04-18
11,2021,8363,2021-08-12,2021-07-27,2021-09-09,2021-11-04
12,2021,8360,2021-06-17,2021-07-11,2021-09-13,2021-06-05
13,2021,8353,2021-11-04,2021-10-23,2021-08-12,2021-10-31
14,2021,8350,2021-06-25,2021-10-11,2021-07-11,2021-11-04
15,2021,8348,2021-08-29,2021-10-28,2021-09-14,2021-11-09
16,2021,8340,2021-03-30,2021-04-11,2021-08-09,2021-07-16
17,2021,8334,2021-09-01,2021-09-13,2021-07-03,2021-03-25
18,2021,8333,2021-06-17,2021-07-23,2021-10-07,2021-09-13
19,2021,8301,2021-09-17,2021-09-09,2021-08-12,2021-11-04
20,2021,8300,2021-09-17,2021-11-08,2021-07-11,2021-11-08
21,2021,8294,2021-09-01,2021-08-08,2021-09-13,2021-05-08
22,2021,8279,2021-08-05,2021-09-06,2021-08-29,2021-09-14
23,2021,8260,2021-06-26,2021-11-05,2021-06-30,2021-08-05
24,2021,8256,2021-11-09,2021-09-06,2021-09-02,2021-11-05
25,2021,8174,2021-11-09,2021-09-10,2021-08-05,2021-05-17
26,2021,8172,2021-04-22,2021-11-08,2021-09-25,2021-03-29
27,2021,8135,2021-03-25,2021-10-27,2021-07-15,2021-05-08
28,2020,8438,2020-08-10,2020-09-23,2020-11-06,2020-07-29
29,2020,8435,2020-05-30,2020-09-23,2020-08-06,2020-05-10
30,2020,8430,2020-05-30,2020-03-23,2020-07-05,2020-05-26
31,2020,8429,2020-07-25,2020-06-03,2020-04-20,2020-06-23
32,2020,8426,2020-09-11,2020-08-02,2020-11-06,2020-08-10
33,2020,8418,2020-05-06,2020-03-23,2020-09-15,2020-05-02
34,2020,8403,2020-04-12,2020-07-05,2020-06-03,2020-08-10
35,2020,8402,2020-05-06,2020-04-24,2020-07-29,2020-05-02
36,2020,8400,2020-09-03,2020-08-26,2020-08-06,2020-11-02
37,2020,8390,2020-06-21,2020-03-25,2020-08-04,2020-10-03
38,2020,8365,2020-11-08,2020-10-07,2020-07-11,2020-10-15
39,2020,8363,2020-07-27,2020-05-04,2020-08-04,2020-05-28
40,2020,8360,2020-11-08,2020-09-29,2020-07-31,2020-10-15
41,2020,8353,2020-04-06,2020-03-25,2020-10-07,2020-04-02
42,2020,8350,2020-06-13,2020-09-21,2020-08-04,2020-10-23
43,2020,8348,2020-11-12,2020-10-03,2020-07-27,2020-10-07
44,2020,8340,2020-07-26,2020-07-06,2020-11-07,2020-03-28
45,2020,8334,2020-08-19,2020-08-11,2020-07-30,2020-10-26
46,2020,8333,2020-11-07,2020-06-24,2020-07-30,2020-11-03
47,2020,8301,2020-06-21,2020-03-25,2020-07-27,2020-10-19
48,2020,8300,2020-09-01,2020-08-08,2020-08-04,2020-05-28
49,2020,8294,2020-07-23,2020-09-29,2020-08-04,2020-05-28
50,2020,8279,2020-05-06,2020-03-27,2020-06-23,2020-04-24
51,2020,8260,2020-07-21,2020-11-14,2020-08-10,2020-11-14
52,2020,8256,2020-11-12,2020-06-25,2020-09-21,2020-07-03
53,2020,8174,2020-07-23,2020-11-12,2020-08-16,2020-06-21
54,2020,8172,2020-04-06,2020-03-25,2020-09-05,2020-04-02
55,2020,8135,2020-11-11,2020-05-07,2020-09-24,2020-08-07
56,2019,8438,2019-09-09,2019-07-31,2019-06-17,2019-08-04
57,2019,8435,2019-09-03,2019-09-19,2019-09-15,2019-07-01
58,2019,8430,2019-10-27,2019-09-29,2019-04-22,2019-07-15
59,2019,8429,2019-09-17,2019-11-04,2019-03-29,2019-11-04
60,2019,8426,2019-10-27,2019-06-25,2019-04-06,2019-07-27
61,2019,8418,2019-03-29,2019-11-04,2019-10-15,2019-11-04
62,2019,8403,2019-03-24,2019-09-20,2019-08-19,2019-03-24
63,2019,8402,2019-06-08,2019-05-27,2019-10-30,2019-06-04
64,2019,8400,2019-10-30,2019-10-02,2019-03-28,2019-10-26
65,2019,8390,2019-03-29,2019-07-27,2019-04-10,2019-09-25
66,2019,8365,2019-09-09,2019-08-28,2019-07-19,2019-11-04
67,2019,8363,2019-03-29,2019-04-22,2019-04-14,2019-05-12
68,2019,8360,2019-06-17,2019-06-09,2019-11-08,2019-07-31
69,2019,8353,2019-06-17,2019-05-12,2019-04-18,2019-09-21
70,2019,8350,2019-08-08,2019-07-19,2019-08-24,2019-11-04
71,2019,8348,2019-06-17,2019-07-27,2019-08-24,2019-03-29
72,2019,8340,2019-06-05,2019-06-29,2019-06-21,2019-09-21
73,2019,8334,2019-06-17,2019-09-01,2019-08-24,2019-11-04
74,2019,8333,2019-10-19,2019-09-21,2019-09-09,2019-10-03
75,2019,8301,2019-11-08,2019-09-05,2019-08-20,2019-11-04
76,2019,8300,2019-06-05,2019-05-20,2019-04-22,2019-10-03
77,2019,8294,2019-03-26,2019-11-09,2019-04-19,2019-07-24
78,2019,8279,2019-03-26,2019-08-01,2019-06-18,2019-03-26
79,2019,8260,2019-09-09,2019-10-19,2019-09-29,2019-11-08
80,2019,8256,2019-03-28,2019-11-03,2019-05-31,2019-03-28
81,2019,8174,2019-06-11,2019-10-05,2019-09-19,2019-11-10
82,2019,8172,2019-11-10,2019-06-11,2019-11-10,2019-08-02
83,2019,8135,2019-07-15,2019-07-23,2019-07-19,2019-05-12
84,2018,8438,2018-05-06,2018-08-06,2018-07-01,2018-10-13
85,2018,8435,2018-03-24,2018-09-16,2018-07-02,2018-03-24
86,2018,8430,2018-09-27,2018-11-06,2018-10-13,2018-09-03
87,2018,8429,2018-09-27,2018-09-03,2018-10-09,2018-07-21
88,2018,8426,2018-04-08,2018-05-02,2018-04-20,2018-04-08
89,2018,8418,2018-08-25,2018-08-01,2018-06-26,2018-11-09
90,2018,8403,2018-03-24,2018-06-24,2018-05-11,2018-03-24
91,2018,8402,2018-03-31,2018-08-14,2018-07-01,2018-03-31
92,2018,8400,2018-06-08,2018-08-15,2018-07-02,2018-03-24
93,2018,8390,2018-03-26,2018-08-25,2018-07-04,2018-03-26
94,2018,8365,2018-09-27,2018-05-02,2018-11-14,2018-08-30
95,2018,8363,2018-08-28,2018-09-05,2018-04-30,2018-09-25
96,2018,8360,2018-07-21,2018-07-09,2018-07-01,2018-04-20
97,2018,8353,2018-04-08,2018-08-06,2018-05-02,2018-08-18
98,2018,8350,2018-07-17,2018-07-01,2018-06-19,2018-05-14
99,2018,8348,2018-11-14,2018-10-17,2018-07-05,2018-08-26
100,2018,8340,2018-11-14,2018-08-14,2018-06-11,2018-05-02
101,2018,8334,2018-11-14,2018-08-30,2018-10-09,2018-09-03
102,2018,8333,2018-06-22,2018-09-30,2018-07-24,2018-04-03
103,2018,8301,2018-06-07,2018-07-01,2018-06-27,2018-04-08
104,2018,8300,2018-07-01,2018-05-18,2018-11-14,2018-06-07
105,2018,8294,2018-11-14,2018-07-01,2018-06-27,2018-10-25
106,2018,8279,2018-11-16,2018-09-25,2018-06-29,2018-05-04
107,2018,8260,2018-10-07,2018-07-23,2018-10-11,2018-07-27
108,2018,8256,2018-09-28,2018-09-20,2018-05-15,2018-03-28
109,2018,8174,2018-08-22,2018-11-14,2018-07-21,2018-11-14
110,2018,8172,2018-11-14,2018-10-17,2018-07-17,2018-10-25
111,2018,8135,2018-09-03,2018-10-17,2018-10-05,2018-07-29
112,2017,8438,2017-04-03,2017-08-21,2017-05-01,2017-11-09
113,2017,8435,2017-05-25,2017-04-03,2017-09-18,2017-05-13
114,2017,8430,2017-10-28,2017-07-20,2017-10-28,2017-10-20
115,2017,8429,2017-09-10,2017-10-28,2017-04-03,2017-08-21
116,2017,8426,2017-04-03,2017-10-28,2017-06-02,2017-10-28
117,2017,8418,2017-04-03,2017-11-05,2017-06-18,2017-04-03
118,2017,8403,2017-10-28,2017-06-30,2017-04-03,2017-09-10
119,2017,8402,2017-09-06,2017-07-16,2017-11-05,2017-08-21
120,2017,8400,2017-10-28,2017-09-30,2017-09-10,2017-10-20
121,2017,8390,2017-11-05,2017-04-03,2017-11-05,2017-09-10
122,2017,8365,2017-10-16,2017-11-09,2017-07-08,2017-11-09
123,2017,8363,2017-04-20,2017-07-09,2017-04-28,2017-08-18
124,2017,8360,2017-11-05,2017-04-03,2017-07-08,2017-10-24
125,2017,8353,2017-10-24,2017-09-10,2017-11-05,2017-09-14
126,2017,8350,2017-06-18,2017-09-14,2017-07-08,2017-10-16
127,2017,8348,2017-10-24,2017-04-03,2017-11-05,2017-09-14
128,2017,8340,2017-11-04,2017-09-17,2017-07-07,2017-10-27
129,2017,8334,2017-11-05,2017-09-14,2017-07-08,2017-05-29
130,2017,8333,2017-11-04,2017-09-17,2017-07-19,2017-10-27
131,2017,8301,2017-06-02,2017-09-14,2017-07-08,2017-05-13
132,2017,8300,2017-10-28,2017-04-03,2017-11-05,2017-09-10
133,2017,8294,2017-06-19,2017-07-17,2017-07-09,2017-04-28
134,2017,8279,2017-11-12,2017-08-12,2017-05-28,2017-10-15
135,2017,8260,2017-11-04,2017-09-17,2017-07-07,2017-10-27
136,2017,8256,2017-04-30,2017-11-12,2017-07-19,2017-06-17
137,2017,8174,2017-04-30,2017-09-17,2017-06-17,2017-10-15
138,2017,8172,2017-11-06,2017-04-20,2017-11-06,2017-10-17
139,2017,8135,2017-11-04,2017-09-17,2017-07-19,2017-04-30
0,2021,8813,2021-08-09,2021-07-20,2021-09-02,2021-04-23
1,2021,8772,2021-03-28,2021-10-30,2021-06-08,2021-10-30
2,2021,8759,2021-11-18,2021-03-31,2021-09-19,2021-06-07
3,2021,8723,2021-07-26,2021-10-22,2021-08-07,2021-03-28
4,2021,8671,2021-06-15,2021-10-21,2021-07-09,2021-04-24
5,2021,8666,2021-08-28,2021-07-27,2021-07-07,2021-11-04
6,2021,8623,2021-03-25,2021-11-04,2021-05-12,2021-11-04
7,2021,8594,2021-11-17,2021-09-06,2021-04-23,2021-11-09
8,2021,8584,2021-06-30,2021-09-06,2021-08-13,2021-10-08
9,2021,8563,2021-07-12,2021-11-09,2021-09-06,2021-11-09
10,2021,8561,2021-06-18,2021-11-09,2021-09-02,2021-11-09
11,2021,8531,2021-08-30,2021-08-10,2021-09-11,2021-08-14
12,2021,8492,2021-07-08,2021-08-21,2021-09-22,2021-10-24
13,2021,8475,2021-03-28,2021-08-11,2021-10-22,2021-03-28
14,2021,8459,2021-09-18,2021-03-30,2021-10-20,2021-04-11
15,2021,8452,2021-07-25,2021-10-21,2021-08-02,2021-05-06
16,2020,8813,2020-07-25,2020-08-06,2020-08-02,2020-11-10
17,2020,8772,2020-07-21,2020-11-10,2020-07-29,2020-11-10
18,2020,8759,2020-11-17,2020-08-17,2020-11-17,2020-08-25
19,2020,8723,2020-11-15,2020-07-30,2020-11-15,2020-08-15
20,2020,8671,2020-11-06,2020-10-09,2020-11-06,2020-08-22
21,2020,8666,2020-07-09,2020-10-09,2020-07-13,2020-11-02
22,2020,8623,2020-11-06,2020-09-19,2020-09-11,2020-11-02
23,2020,8594,2020-11-06,2020-06-03,2020-05-18,2020-10-01
24,2020,8584,2020-06-07,2020-08-10,2020-07-25,2020-10-01
25,2020,8563,2020-09-11,2020-09-27,2020-09-19,2020-11-14
26,2020,8561,2020-11-04,2020-07-23,2020-05-24,2020-08-04
27,2020,8531,2020-04-12,2020-03-23,2020-08-02,2020-03-27
28,2020,8492,2020-05-30,2020-07-01,2020-09-03,2020-05-02
29,2020,8475,2020-08-24,2020-11-16,2020-06-21,2020-11-16
30,2020,8459,2020-07-25,2020-07-13,2020-05-06,2020-10-29
31,2020,8452,2020-10-17,2020-06-23,2020-11-06,2020-09-19
32,2019,8813,2019-06-17,2019-03-29,2019-06-29,2019-04-06
33,2019,8772,2019-03-24,2019-11-03,2019-06-20,2019-03-24
34,2019,8759,2019-06-05,2019-10-27,2019-09-13,2019-10-27
35,2019,8723,2019-06-21,2019-03-29,2019-05-12,2019-08-20
36,2019,8671,2019-06-01,2019-05-16,2019-04-30,2019-08-04
37,2019,8666,2019-05-15,2019-05-03,2019-06-04,2019-05-11
38,2019,8623,2019-10-10,2019-09-20,2019-07-06,2019-09-28
39,2019,8594,2019-09-13,2019-08-28,2019-06-21,2019-09-01
40,2019,8584,2019-11-02,2019-06-27,2019-05-02,2019-08-10
41,2019,8563,2019-07-20,2019-10-12,2019-09-22,2019-10-12
42,2019,8561,2019-11-13,2019-06-14,2019-05-29,2019-09-22
43,2019,8531,2019-04-05,2019-03-24,2019-08-31,2019-03-28
44,2019,8492,2019-06-21,2019-09-17,2019-09-13,2019-10-27
45,2019,8475,2019-03-29,2019-11-12,2019-08-20,2019-11-12
46,2019,8459,2019-06-05,2019-05-16,2019-04-30,2019-06-21
47,2019,8452,2019-03-24,2019-10-30,2019-09-12,2019-05-11
48,2018,8813,2018-03-29,2018-05-08,2018-06-25,2018-03-29
49,2018,8772,2018-05-03,2018-03-24,2018-05-19,2018-03-28
50,2018,8759,2018-06-17,2018-06-09,2018-05-04,2018-03-29
51,2018,8723,2018-06-06,2018-04-23,2018-04-23,2018-10-20
52,2018,8671,2018-06-07,2018-07-17,2018-06-27,2018-10-05
53,2018,8666,2018-08-30,2018-08-18,2018-06-11,2018-08-26
54,2018,8623,2018-11-15,2018-10-18,2018-06-28,2018-03-24
55,2018,8594,2018-11-16,2018-07-03,2018-06-25,2018-04-02
56,2018,8584,2018-11-16,2018-06-09,2018-05-08,2018-08-08
57,2018,8563,2018-11-13,2018-06-30,2018-05-21,2018-07-08
58,2018,8561,2018-11-17,2018-06-30,2018-05-29,2018-09-10
59,2018,8531,2018-03-24,2018-11-03,2018-10-14,2018-03-24
60,2018,8492,2018-04-16,2018-03-27,2018-05-26,2018-03-31
61,2018,8475,2018-09-29,2018-06-29,2018-10-03,2018-08-24
62,2018,8459,2018-08-20,2018-08-08,2018-05-04,2018-03-29
63,2018,8452,2018-04-08,2018-05-10,2018-05-02,2018-04-08
64,2017,8813,2017-06-13,2017-09-01,2017-07-19,2017-09-13
65,2017,8772,2017-10-29,2017-11-10,2017-11-02,2017-10-09
66,2017,8759,2017-09-07,2017-07-21,2017-11-18,2017-08-22
67,2017,8723,2017-09-18,2017-11-17,2017-10-28,2017-08-21
68,2017,8671,2017-10-16,2017-11-13,2017-04-19,2017-07-08
69,2017,8666,2017-11-05,2017-04-03,2017-08-21,2017-04-19
70,2017,8623,2017-11-05,2017-07-20,2017-11-05,2017-10-16
71,2017,8594,2017-08-13,2017-06-26,2017-05-29,2017-08-13
72,2017,8584,2017-05-28,2017-05-04,2017-06-25,2017-05-16
73,2017,8563,2017-04-30,2017-10-15,2017-06-17,2017-10-15
74,2017,8561,2017-06-17,2017-04-30,2017-07-03,2017-10-15
75,2017,8531,2017-08-21,2017-11-09,2017-09-10,2017-11-09
76,2017,8492,2017-05-25,2017-09-22,2017-07-20,2017-10-28
77,2017,8475,2017-09-14,2017-11-17,2017-06-18,2017-04-03
78,2017,8459,2017-11-05,2017-09-26,2017-08-21,2017-04-03
79,2017,8452,2017-06-02,2017-10-20,2017-09-10,2017-10-20
0,2021,9089,2021-10-23,2021-08-24,2021-10-23,2021-04-22
1,2021,9076,2021-11-08,2021-10-19,2021-07-15,2021-03-25
2,2021,9057,2021-08-04,2021-07-15,2021-08-24,2021-06-01
3,2021,9052,2021-08-20,2021-08-08,2021-07-07,2021-08-12
4,2021,9028,2021-09-01,2021-08-24,2021-09-25,2021-08-28
5,2021,9027,2021-06-15,2021-04-12,2021-10-09,2021-04-20
6,2021,9020,2021-07-25,2021-04-12,2021-10-09,2021-04-20
7,2021,9001,2021-04-17,2021-06-24,2021-09-12,2021-04-17
8,2021,8940,2021-06-24,2021-11-11,2021-08-07,2021-11-11
9,2021,8906,2021-09-26,2021-03-30,2021-09-30,2021-05-09
10,2021,8894,2021-07-22,2021-10-22,2021-08-07,2021-04-09
11,2021,8851,2021-11-11,2021-09-16,2021-04-17,2021-10-22
12,2021,8822,2021-08-07,2021-09-08,2021-08-19,2021-07-18
13,2020,9089,2020-05-18,2020-05-30,2020-10-17,2020-08-22
14,2020,9076,2020-09-11,2020-08-10,2020-07-09,2020-08-18
15,2020,9057,2020-11-10,2020-10-01,2020-05-06,2020-08-10
16,2020,9052,2020-05-12,2020-03-25,2020-11-16,2020-09-09
17,2020,9028,2020-09-11,2020-09-19,2020-09-15,2020-08-22
18,2020,9027,2020-11-06,2020-07-21,2020-06-23,2020-07-25
19,2020,9020,2020-09-19,2020-05-10,2020-11-02,2020-05-30
20,2020,9001,2020-11-06,2020-08-02,2020-11-06,2020-11-02
21,2020,8940,2020-04-29,2020-04-21,2020-05-15,2020-08-03
22,2020,8906,2020-07-23,2020-08-24,2020-07-31,2020-09-01
23,2020,8894,2020-11-16,2020-09-09,2020-08-08,2020-10-11
24,2020,8851,2020-10-02,2020-07-10,2020-11-15,2020-08-03
25,2020,8822,2020-09-03,2020-09-19,2020-11-02,2020-08-10
26,2019,9089,2019-10-27,2019-09-05,2019-06-13,2019-09-25
27,2019,9076,2019-10-15,2019-09-17,2019-06-25,2019-10-03
28,2019,9057,2019-03-29,2019-06-13,2019-04-30,2019-08-04
29,2019,9052,2019-09-29,2019-11-04,2019-04-30,2019-08-24
30,2019,9028,2019-03-29,2019-11-04,2019-04-10,2019-08-12
31,2019,9027,2019-10-27,2019-07-07,2019-05-16,2019-07-11
32,2019,9020,2019-09-17,2019-11-04,2019-03-29,2019-07-15
33,2019,9001,2019-08-04,2019-11-04,2019-03-29,2019-11-04
34,2019,8940,2019-07-31,2019-06-17,2019-05-16,2019-07-15
35,2019,8906,2019-07-31,2019-07-03,2019-06-25,2019-05-16
36,2019,8894,2019-06-25,2019-09-25,2019-08-24,2019-09-25
37,2019,8851,2019-03-29,2019-06-01,2019-11-08,2019-03-29
38,2019,8822,2019-07-27,2019-11-04,2019-04-30,2019-11-04
39,2018,9089,2018-06-07,2018-05-18,2018-05-14,2018-08-18
40,2018,9076,2018-05-26,2018-05-18,2018-10-17,2018-08-10
41,2018,9057,2018-08-26,2018-09-23,2018-05-10,2018-08-02
42,2018,9052,2018-04-19,2018-03-26,2018-05-05,2018-08-21
43,2018,9028,2018-04-16,2018-03-31,2018-06-27,2018-10-09
44,2018,9027,2018-03-29,2018-08-04,2018-04-22,2018-03-29
45,2018,9020,2018-05-23,2018-11-03,2018-06-24,2018-07-22
46,2018,9001,2018-04-08,2018-07-17,2018-07-01,2018-07-21
47,2018,8940,2018-11-14,2018-04-08,2018-05-26,2018-08-30
48,2018,8906,2018-04-08,2018-08-18,2018-06-27,2018-08-26
49,2018,8894,2018-07-23,2018-07-07,2018-06-25,2018-09-09
50,2018,8851,2018-03-29,2018-04-26,2018-04-22,2018-06-29
51,2018,8822,2018-07-26,2018-08-15,2018-08-03,2018-11-03
52,2017,9089,2017-10-27,2017-04-30,2017-11-04,2017-08-20
53,2017,9076,2017-11-05,2017-04-03,2017-06-18,2017-05-13
54,2017,9057,2017-04-03,2017-08-21,2017-05-09,2017-09-14
55,2017,9052,2017-09-25,2017-06-17,2017-06-01,2017-08-20
56,2017,9028,2017-05-09,2017-09-14,2017-11-05,2017-04-03
57,2017,9001,2017-05-13,2017-10-28,2017-07-20,2017-04-03
58,2017,8906,2017-06-02,2017-11-13,2017-07-20,2017-11-13
59,2017,8894,2017-06-18,2017-11-17,2017-06-22,2017-11-17
60,2017,8851,2017-05-03,2017-11-19,2017-10-30,2017-05-03
0,2021,9401,2021-06-30,2021-09-14,2021-06-02,2021-11-17
1,2021,9273,2021-04-25,2021-03-28,2021-07-02,2021-03-28
2,2021,9245,2021-11-09,2021-10-08,2021-09-26,2021-05-13
3,2021,9238,2021-08-25,2021-10-24,2021-09-02,2021-04-11
4,2021,9233,2021-03-28,2021-11-07,2021-10-22,2021-03-28
5,2021,9205,2021-09-26,2021-05-01,2021-09-26,2021-05-21
6,2021,9200,2021-03-30,2021-10-24,2021-10-08,2021-08-25
7,2020,9401,2020-09-21,2020-11-12,2020-11-04,2020-08-04
8,2020,9273,2020-09-09,2020-09-21,2020-06-13,2020-09-05
9,2020,9245,2020-10-27,2020-08-04,2020-07-31,2020-10-11
10,2020,9238,2020-09-13,2020-08-08,2020-07-31,2020-09-09
11,2020,9233,2020-06-21,2020-11-16,2020-07-23,2020-10-31
12,2020,9205,2020-11-12,2020-09-21,2020-06-05,2020-10-15
13,2020,9200,2020-10-15,2020-07-11,2020-05-28,2020-09-21
14,2019,9401,2019-06-03,2019-11-14,2019-06-23,2019-11-14
15,2019,9273,2019-10-27,2019-10-03,2019-06-01,2019-10-15
16,2019,9245,2019-03-26,2019-06-30,2019-06-26,2019-03-26
17,2019,9238,2019-09-17,2019-11-04,2019-06-09,2019-04-06
18,2019,9233,2019-09-05,2019-10-11,2019-06-29,2019-09-01
19,2019,9205,2019-04-10,2019-10-11,2019-06-17,2019-09-01
20,2019,9200,2019-06-17,2019-07-27,2019-08-28,2019-04-14
21,2018,9401,2018-05-29,2018-05-05,2018-04-27,2018-10-04
22,2018,9273,2018-11-14,2018-10-17,2018-06-03,2018-11-10
23,2018,9245,2018-04-08,2018-05-18,2018-05-14,2018-08-26
24,2018,9238,2018-04-10,2018-06-09,2018-05-12,2018-11-16
25,2018,9233,2018-06-27,2018-07-05,2018-08-06,2018-07-13
26,2018,9205,2018-11-13,2018-08-21,2018-07-12,2018-09-06
27,2018,9200,2018-04-27,2018-06-06,2018-11-09,2018-08-25
28,2017,9401,2017-07-09,2017-05-30,2017-04-28,2017-11-06
29,2017,9273,2017-05-10,2017-10-17,2017-05-30,2017-10-17
30,2017,9245,2017-06-01,2017-07-19,2017-06-09,2017-10-15
31,2017,9238,2017-05-10,2017-10-17,2017-06-19,2017-10-17
32,2017,9233,2017-04-03,2017-06-22,2017-06-18,2017-10-16
33,2017,9205,2017-04-30,2017-09-17,2017-05-08,2017-10-15
34,2017,9200,2017-06-01,2017-06-21,2017-04-30,2017-10-15
0,2021,9621,2021-03-30,2021-07-20,2021-09-30,2021-07-28
1,2021,9619,2021-03-30,2021-06-30,2021-09-06,2021-03-30
2,2021,9505,2021-07-16,2021-06-10,2021-07-20,2021-04-03
3,2021,9462,2021-08-14,2021-10-21,2021-08-30,2021-03-31
4,2021,9436,2021-07-20,2021-11-05,2021-09-02,2021-11-05
5,2021,9429,2021-09-06,2021-10-16,2021-10-04,2021-04-03
6,2020,9621,2020-11-13,2020-09-18,2020-04-19,2020-10-16
7,2020,9619,2020-04-16,2020-10-13,2020-05-26,2020-11-10
8,2020,9505,2020-10-17,2020-05-06,2020-06-03,2020-05-18
9,2020,9462,2020-11-14,2020-06-03,2020-05-14,2020-08-06
10,2020,9436,2020-10-09,2020-05-14,2020-05-06,2020-09-23
11,2020,9429,2020-05-16,2020-04-22,2020-06-13,2020-05-12
12,2019,9621,2019-04-10,2019-07-23,2019-04-22,2019-04-10
13,2019,9619,2019-08-08,2019-07-19,2019-06-17,2019-04-10
14,2019,9505,2019-03-28,2019-05-23,2019-08-31,2019-03-28
15,2019,9462,2019-03-28,2019-11-11,2019-05-15,2019-08-03
16,2019,9436,2019-11-15,2019-10-14,2019-05-11,2019-11-11
17,2019,9429,2019-08-10,2019-10-21,2019-05-14,2019-08-06
18,2018,9621,2018-11-16,2018-05-20,2018-05-08,2018-08-16
19,2018,9619,2018-04-17,2018-10-10,2018-05-27,2018-04-05
20,2018,9505,2018-10-11,2018-05-12,2018-11-16,2018-09-29
21,2018,9462,2018-09-10,2018-08-21,2018-07-16,2018-09-02
22,2018,9436,2018-04-05,2018-06-12,2018-05-07,2018-04-05
23,2018,9429,2018-09-26,2018-08-25,2018-06-02,2018-09-10
24,2017,9505,2017-04-27,2017-10-16,2017-10-12,2017-11-01
25,2017,9462,2017-09-27,2017-11-02,2017-05-14,2017-11-02
26,2017,9436,2017-09-27,2017-11-02,2017-04-20,2017-11-02
27,2017,9429,2017-07-09,2017-09-15,2017-07-09,2017-06-19
0,2021,10024,2021-08-07,2021-07-22,2021-06-08,2021-09-28
1,2021,10016,2021-03-28,2021-07-02,2021-08-23,2021-03-28
2,2021,9982,2021-06-12,2021-05-31,2021-04-29,2021-06-08
3,2021,9848,2021-08-17,2021-07-24,2021-07-16,2021-04-19
4,2020,10024,2020-11-16,2020-09-17,2020-05-28,2020-11-08
5,2020,10016,2020-11-04,2020-10-11,2020-09-17,2020-10-31
6,2020,9982,2020-04-22,2020-04-06,2020-05-04,2020-08-12
7,2020,9848,2020-11-16,2020-06-25,2020-06-01,2020-09-05
8,2019,10024,2019-07-11,2019-07-03,2019-05-12,2019-07-07
9,2019,10016,2019-07-19,2019-03-29,2019-06-05,2019-07-31
10,2019,9982,2019-07-15,2019-10-23,2019-08-24,2019-07-11
11,2019,9848,2019-03-29,2019-07-03,2019-06-25,2019-10-11
12,2018,10024,2018-05-01,2018-07-04,2018-05-05,2018-04-19
13,2018,10016,2018-04-15,2018-08-21,2018-05-29,2018-04-07
14,2018,9982,2018-04-16,2018-05-26,2018-04-20,2018-03-31
15,2018,9848,2018-11-13,2018-06-02,2018-05-25,2018-03-26
16,2017,10024,2017-09-10,2017-06-22,2017-06-18,2017-08-21
17,2017,10016,2017-07-20,2017-09-18,2017-06-18,2017-07-08
18,2017,9982,2017-05-03,2017-10-18,2017-06-12,2017-05-03
19,2017,9848,2017-04-03,2017-09-26,2017-07-08,2017-10-24
0,2021,10396,2021-04-20,2021-06-15,2021-05-18,2021-03-27
1,2021,10387,2021-10-28,2021-03-30,2021-06-30,2021-10-24
2,2021,10367,2021-04-23,2021-03-30,2021-05-17,2021-04-03
3,2021,10364,2021-11-01,2021-08-13,2021-08-01,2021-04-03
4,2021,10340,2021-10-20,2021-09-10,2021-09-02,2021-09-22
5,2021,10326,2021-09-22,2021-03-30,2021-08-09,2021-04-03
6,2021,10239,2021-08-07,2021-07-22,2021-07-10,2021-10-14
7,2021,10228,2021-06-18,2021-10-16,2021-09-06,2021-10-16
8,2021,10052,2021-06-28,2021-10-26,2021-07-06,2021-10-26
9,2020,10396,2020-10-17,2020-11-10,2020-05-06,2020-10-13
10,2020,10387,2020-06-30,2020-06-18,2020-06-06,2020-08-17
11,2020,10367,2020-07-17,2020-09-19,2020-09-11,2020-07-01
12,2020,10364,2020-06-19,2020-07-01,2020-05-18,2020-08-10
13,2020,10340,2020-03-27,2020-11-14,2020-03-31,2020-11-14
14,2020,10326,2020-04-16,2020-11-14,2020-09-11,2020-07-25
15,2020,10239,2020-07-03,2020-11-16,2020-05-24,2020-06-29
16,2020,10228,2020-11-12,2020-09-09,2020-07-11,2020-04-18
17,2020,10052,2020-05-04,2020-05-24,2020-05-16,2020-08-12
18,2019,10396,2019-06-19,2019-03-31,2019-06-23,2019-04-04
19,2019,10387,2019-10-13,2019-11-18,2019-11-10,2019-07-29
20,2019,10367,2019-11-14,2019-05-10,2019-06-07,2019-07-13
21,2019,10364,2019-08-02,2019-11-18,2019-08-18,2019-03-31
22,2019,10340,2019-05-27,2019-11-15,2019-08-23,2019-11-15
23,2019,10326,2019-07-30,2019-07-06,2019-05-27,2019-07-14
24,2019,10239,2019-06-01,2019-11-08,2019-06-17,2019-05-24
25,2019,10228,2019-05-22,2019-03-31,2019-06-23,2019-10-17
26,2019,10052,2019-11-16,2019-09-17,2019-06-29,2019-10-11
27,2018,10396,2018-07-15,2018-07-03,2018-05-28,2018-07-11
28,2018,10387,2018-06-09,2018-11-16,2018-06-29,2018-11-16
29,2018,10367,2018-04-05,2018-05-03,2018-04-17,2018-10-06
30,2018,10364,2018-04-21,2018-11-11,2018-05-15,2018-11-15
31,2018,10340,2018-11-16,2018-10-15,2018-04-14,2018-11-08
32,2018,10326,2018-09-28,2018-11-15,2018-05-27,2018-08-15
33,2018,10239,2018-11-13,2018-09-30,2018-05-13,2018-03-26
34,2018,10228,2018-04-05,2018-08-03,2018-07-18,2018-10-06
35,2018,10052,2018-06-01,2018-06-29,2018-06-25,2018-10-11
36,2017,10396,2017-09-25,2017-08-24,2017-05-24,2017-09-21
37,2017,10387,2017-08-12,2017-06-25,2017-05-08,2017-08-08
38,2017,10367,2017-10-15,2017-06-17,2017-05-08,2017-08-12
39,2017,10364,2017-08-12,2017-09-25,2017-08-16,2017-04-18
40,2017,10340,2017-04-30,2017-04-10,2017-08-16,2017-04-18
41,2017,10326,2017-05-16,2017-04-18,2017-05-24,2017-05-08
42,2017,10239,2017-04-03,2017-07-16,2017-07-08,2017-04-03
43,2017,10228,2017-05-30,2017-08-18,2017-07-09,2017-04-28
44,2017,10052,2017-04-03,2017-06-18,2017-05-09,2017-08-21
0,2021,10622,2021-09-02,2021-11-17,2021-07-20,2021-11-17
1,2021,10600,2021-09-22,2021-10-16,2021-07-20,2021-10-16
2,2021,10572,2021-06-10,2021-11-17,2021-06-30,2021-11-17
3,2021,10564,2021-03-27,2021-09-19,2021-08-14,2021-03-27
4,2021,10556,2021-06-02,2021-11-17,2021-03-30,2021-11-17
5,2021,10549,2021-04-08,2021-03-27,2021-08-14,2021-04-04
6,2021,10544,2021-08-02,2021-07-21,2021-07-01,2021-05-14
7,2021,10541,2021-03-27,2021-07-17,2021-06-03,2021-11-02
8,2021,10487,2021-03-27,2021-11-02,2021-06-03,2021-03-27
9,2021,10470,2021-09-15,2021-10-25,2021-09-27,2021-03-27
10,2021,10461,2021-04-19,2021-11-09,2021-08-01,2021-11-09
11,2021,10450,2021-11-02,2021-06-11,2021-08-14,2021-10-25
12,2021,10439,2021-07-16,2021-10-28,2021-08-29,2021-04-03
13,2021,10422,2021-09-15,2021-10-25,2021-08-14,2021-10-25
14,2020,10622,2020-05-18,2020-04-24,2020-09-15,2020-08-18
15,2020,10600,2020-04-20,2020-05-14,2020-05-06,2020-05-22
16,2020,10572,2020-06-01,2020-06-21,2020-06-17,2020-04-06
17,2020,10564,2020-10-13,2020-09-27,2020-11-06,2020-07-29
18,2020,10556,2020-05-30,2020-09-19,2020-07-21,2020-05-26
19,2020,10549,2020-05-02,2020-05-18,2020-06-19,2020-08-10
20,2020,10544,2020-04-20,2020-04-08,2020-06-11,2020-04-16
21,2020,10541,2020-11-14,2020-07-01,2020-06-19,2020-08-18
22,2020,10487,2020-06-15,2020-05-18,2020-05-06,2020-05-30
23,2020,10470,2020-10-29,2020-11-14,2020-11-06,2020-10-17
24,2020,10461,2020-03-27,2020-05-14,2020-07-13,2020-03-27
25,2020,10450,2020-09-27,2020-04-24,2020-04-16,2020-08-06
26,2020,10439,2020-05-30,2020-05-14,2020-05-06,2020-08-18
27,2020,10422,2020-10-29,2020-09-27,2020-06-07,2020-10-25
28,2019,10622,2019-08-14,2019-11-10,2019-10-13,2019-08-06
29,2019,10600,2019-05-15,2019-11-03,2019-06-24,2019-11-03
30,2019,10572,2019-06-03,2019-07-01,2019-06-23,2019-04-28
31,2019,10564,2019-10-14,2019-09-16,2019-08-15,2019-03-28
32,2019,10556,2019-09-28,2019-11-15,2019-05-23,2019-11-15
33,2019,10549,2019-05-27,2019-11-15,2019-06-04,2019-07-22
34,2019,10544,2019-07-22,2019-11-03,2019-06-16,2019-05-15
35,2019,10541,2019-03-28,2019-05-07,2019-06-04,2019-11-15
36,2019,10487,2019-09-23,2019-07-29,2019-10-09,2019-08-06
37,2019,10470,2019-08-27,2019-10-14,2019-07-06,2019-11-11
38,2019,10461,2019-07-18,2019-03-28,2019-05-23,2019-07-14
39,2019,10450,2019-03-28,2019-04-25,2019-04-13,2019-10-10
40,2019,10439,2019-10-14,2019-03-28,2019-05-15,2019-10-06
41,2019,10422,2019-11-11,2019-05-15,2019-06-24,2019-05-27
42,2018,10622,2018-03-28,2018-07-06,2018-05-27,2018-03-28
43,2018,10600,2018-04-07,2018-06-30,2018-05-21,2018-04-07
44,2018,10572,2018-06-02,2018-06-26,2018-06-06,2018-04-15
45,2018,10564,2018-06-27,2018-08-02,2018-07-05,2018-10-21
46,2018,10556,2018-06-05,2018-07-23,2018-07-03,2018-09-21
47,2018,10549,2018-10-20,2018-05-25,2018-05-21,2018-08-25
48,2018,10544,2018-07-28,2018-05-09,2018-05-29,2018-07-24
49,2018,10541,2018-04-07,2018-06-06,2018-05-29,2018-09-14
50,2018,10487,2018-11-17,2018-06-06,2018-05-29,2018-06-14
51,2018,10470,2018-11-10,2018-06-03,2018-05-30,2018-09-23
52,2018,10461,2018-07-07,2018-08-08,2018-04-18,2018-08-16
53,2018,10450,2018-05-05,2018-06-02,2018-05-09,2018-09-02
54,2018,10439,2018-06-06,2018-05-25,2018-06-30,2018-08-25
55,2018,10422,2018-04-02,2018-11-16,2018-05-28,2018-09-05
56,2017,10622,2017-06-19,2017-05-26,2017-10-17,2017-05-30
57,2017,10600,2017-09-25,2017-10-27,2017-10-15,2017-09-17
58,2017,10572,2017-05-10,2017-04-20,2017-10-17,2017-04-28
59,2017,10564,2017-09-27,2017-11-06,2017-10-13,2017-11-06
60,2017,10556,2017-08-22,2017-11-06,2017-10-13,2017-07-29
61,2017,10549,2017-04-30,2017-06-25,2017-05-24,2017-11-12
62,2017,10544,2017-08-12,2017-10-27,2017-06-25,2017-10-27
63,2017,10541,2017-06-25,2017-09-01,2017-08-12,2017-05-08
64,2017,10487,2017-06-17,2017-05-28,2017-07-19,2017-06-13
65,2017,10470,2017-06-25,2017-08-24,2017-08-12,2017-05-08
66,2017,10461,2017-10-27,2017-09-21,2017-08-16,2017-10-11
67,2017,10450,2017-04-30,2017-04-10,2017-05-08,2017-08-24
68,2017,10439,2017-04-10,2017-05-28,2017-04-30,2017-08-24
69,2017,10422,2017-04-10,2017-10-27,2017-04-18,2017-10-27
0,2021,10919,2021-11-09,2021-10-24,2021-08-01,2021-04-15
1,2021,10903,2021-08-13,2021-11-17,2021-08-29,2021-11-17
2,2021,10894,2021-06-02,2021-11-09,2021-08-29,2021-11-09
3,2021,10887,2021-10-21,2021-11-10,2021-07-17,2021-04-16
4,2021,10839,2021-11-05,2021-09-06,2021-05-17,2021-09-10
5,2021,10831,2021-04-25,2021-11-07,2021-09-20,2021-11-07
6,2021,10826,2021-04-25,2021-05-31,2021-09-12,2021-11-07
7,2021,10824,2021-09-22,2021-09-06,2021-06-26,2021-10-28
8,2021,10786,2021-08-23,2021-11-15,2021-09-04,2021-11-15
9,2021,10780,2021-08-31,2021-10-26,2021-09-04,2021-10-26
10,2021,10775,2021-11-10,2021-07-29,2021-07-17,2021-10-25
11,2021,10767,2021-07-16,2021-03-30,2021-08-17,2021-06-22
12,2021,10731,2021-03-30,2021-10-20,2021-08-17,2021-10-24
13,2021,10729,2021-06-18,2021-09-14,2021-07-20,2021-10-20
14,2021,10706,2021-06-18,2021-09-22,2021-09-02,2021-10-16
15,2021,10672,2021-10-28,2021-09-18,2021-06-30,2021-10-24
16,2021,10653,2021-06-30,2021-09-06,2021-10-20,2021-09-10
17,2020,10919,2020-07-30,2020-11-15,2020-08-07,2020-04-01
18,2020,10903,2020-11-15,2020-10-06,2020-05-19,2020-11-11
19,2020,10894,2020-11-14,2020-10-05,2020-09-07,2020-10-17
20,2020,10887,2020-04-25,2020-09-12,2020-08-31,2020-10-06
21,2020,10839,2020-03-27,2020-07-17,2020-09-15,2020-03-27
22,2020,10831,2020-04-25,2020-10-06,2020-09-08,2020-11-15
23,2020,10826,2020-10-10,2020-09-08,2020-08-31,2020-10-06
24,2020,10824,2020-07-26,2020-07-18,2020-08-07,2020-07-22
25,2020,10786,2020-05-07,2020-07-06,2020-06-28,2020-04-01
26,2020,10780,2020-06-22,2020-06-06,2020-05-05,2020-08-05
27,2020,10775,2020-07-30,2020-07-18,2020-06-20,2020-07-22
28,2020,10767,2020-08-14,2020-08-06,2020-05-26,2020-08-10
29,2020,10731,2020-11-13,2020-09-14,2020-05-09,2020-10-28
30,2020,10729,2020-08-05,2020-07-16,2020-07-12,2020-04-11
31,2020,10706,2020-06-12,2020-10-10,2020-06-16,2020-07-22
32,2020,10672,2020-03-30,2020-04-23,2020-11-13,2020-03-30
33,2020,10653,2020-08-29,2020-08-09,2020-06-30,2020-08-21
34,2019,10919,2019-04-20,2019-03-31,2019-06-23,2019-04-04
35,2019,10903,2019-03-31,2019-07-01,2019-06-27,2019-04-24
36,2019,10894,2019-10-06,2019-11-15,2019-08-15,2019-04-05
37,2019,10887,2019-04-02,2019-07-15,2019-08-28,2019-07-19
38,2019,10839,2019-04-13,2019-03-28,2019-06-24,2019-04-05
39,2019,10831,2019-08-24,2019-11-12,2019-09-29,2019-11-12
40,2019,10826,2019-04-07,2019-10-12,2019-09-18,2019-04-07
41,2019,10824,2019-08-18,2019-03-31,2019-08-22,2019-08-02
42,2019,10786,2019-09-11,2019-09-03,2019-09-19,2019-11-18
43,2019,10780,2019-10-17,2019-09-27,2019-08-22,2019-04-16
44,2019,10775,2019-07-21,2019-03-31,2019-07-29,2019-07-13
45,2019,10767,2019-10-01,2019-09-15,2019-05-30,2019-09-19
46,2019,10731,2019-07-21,2019-11-10,2019-07-29,2019-11-10
47,2019,10729,2019-11-14,2019-07-01,2019-05-30,2019-07-21
48,2019,10706,2019-10-09,2019-11-10,2019-10-25,2019-07-29
49,2019,10672,2019-03-31,2019-04-20,2019-06-27,2019-05-14
50,2019,10653,2019-03-31,2019-10-17,2019-08-22,2019-10-17
51,2018,10919,2018-06-22,2018-11-17,2018-07-08,2018-04-15
52,2018,10903,2018-11-17,2018-11-05,2018-06-14,2018-04-07
53,2018,10894,2018-04-05,2018-06-28,2018-05-27,2018-04-05
54,2018,10887,2018-06-06,2018-10-04,2018-07-24,2018-04-07
55,2018,10839,2018-11-18,2018-08-06,2018-07-21,2018-08-18
56,2018,10831,2018-09-18,2018-11-17,2018-05-09,2018-09-02
57,2018,10826,2018-07-28,2018-07-16,2018-04-27,2018-09-14
58,2018,10824,2018-10-02,2018-09-16,2018-05-27,2018-09-24
59,2018,10786,2018-06-25,2018-06-17,2018-07-07,2018-04-22
60,2018,10780,2018-11-16,2018-10-19,2018-04-30,2018-08-04
61,2018,10775,2018-07-24,2018-11-17,2018-05-29,2018-11-17
62,2018,10767,2018-10-05,2018-07-29,2018-07-17,2018-08-06
63,2018,10731,2018-04-30,2018-05-28,2018-05-04,2018-07-31
64,2018,10729,2018-06-28,2018-08-27,2018-07-14,2018-10-06
65,2018,10706,2018-07-15,2018-07-07,2018-07-23,2018-08-20
66,2018,10672,2018-04-05,2018-08-03,2018-06-24,2018-08-07
67,2018,10653,2018-04-15,2018-08-21,2018-05-05,2018-08-25
68,2017,10919,2017-04-20,2017-11-02,2017-08-18,2017-04-20
69,2017,10903,2017-05-08,2017-10-15,2017-06-13,2017-10-31
70,2017,10894,2017-10-11,2017-04-10,2017-09-17,2017-10-07
71,2017,10887,2017-07-04,2017-10-24,2017-08-05,2017-10-24
72,2017,10839,2017-04-30,2017-04-10,2017-10-15,2017-04-18
73,2017,10831,2017-10-12,2017-08-25,2017-10-12,2017-10-04
74,2017,10826,2017-05-17,2017-11-13,2017-05-25,2017-11-13
75,2017,10824,2017-09-25,2017-11-12,2017-08-12,2017-11-12
76,2017,10786,2017-04-10,2017-09-21,2017-08-12,2017-05-24
77,2017,10780,2017-11-12,2017-09-21,2017-07-19,2017-05-16
78,2017,10775,2017-10-11,2017-10-31,2017-06-17,2017-09-21
79,2017,10767,2017-10-15,2017-06-17,2017-10-15,2017-04-18
80,2017,10731,2017-05-08,2017-10-07,2017-06-17,2017-10-07
81,2017,10729,2017-05-08,2017-09-17,2017-07-19,2017-04-18
82,2017,10706,2017-05-28,2017-05-08,2017-08-16,2017-05-24
83,2017,10672,2017-10-27,2017-07-27,2017-05-28,2017-09-17
84,2017,10653,2017-04-10,2017-05-28,2017-04-18,2017-06-17
0,2021,11174,2021-09-22,2021-07-20,2021-10-08,2021-09-02
1,2021,11172,2021-10-28,2021-04-23,2021-09-02,2021-04-27
2,2021,11170,2021-04-06,2021-06-17,2021-04-22,2021-06-21
3,2021,11162,2021-04-23,2021-11-13,2021-09-02,2021-04-23
4,2021,11129,2021-04-08,2021-10-09,2021-09-03,2021-04-08
5,2021,11119,2021-04-27,2021-07-12,2021-09-30,2021-04-23
6,2021,11101,2021-06-24,2021-09-28,2021-07-30,2021-04-21
7,2021,11088,2021-09-02,2021-08-13,2021-06-22,2021-04-11
8,2021,11080,2021-10-13,2021-09-19,2021-09-07,2021-10-29
9,2021,11071,2021-04-08,2021-10-29,2021-09-23,2021-04-08
10,2021,11012,2021-11-02,2021-04-08,2021-08-10,2021-10-29
11,2021,11010,2021-07-18,2021-07-30,2021-09-04,2021-04-25
12,2021,11003,2021-04-06,2021-10-03,2021-09-21,2021-04-06
13,2021,10985,2021-04-21,2021-05-07,2021-09-20,2021-05-27
14,2021,10980,2021-06-14,2021-05-29,2021-09-18,2021-06-02
15,2021,10971,2021-04-08,2021-10-29,2021-10-09,2021-04-08
16,2021,10960,2021-05-03,2021-04-21,2021-09-16,2021-04-25
17,2020,11174,2020-06-02,2020-11-13,2020-07-16,2020-04-11
18,2020,11172,2020-04-11,2020-11-13,2020-06-10,2020-04-03
19,2020,11170,2020-08-23,2020-11-11,2020-04-13,2020-08-19
20,2020,11162,2020-04-23,2020-09-18,2020-07-24,2020-11-13
21,2020,11129,2020-07-24,2020-07-12,2020-08-21,2020-04-03
22,2020,11119,2020-08-26,2020-07-09,2020-06-27,2020-04-16
23,2020,11101,2020-09-12,2020-08-11,2020-05-03,2020-08-19
24,2020,11088,2020-09-01,2020-08-24,2020-09-13,2020-08-28
25,2020,11080,2020-05-07,2020-07-14,2020-05-23,2020-07-22
26,2020,11071,2020-11-13,2020-07-20,2020-11-13,2020-09-02
27,2020,11012,2020-08-19,2020-05-15,2020-08-03,2020-06-12
28,2020,11010,2020-10-22,2020-08-23,2020-05-19,2020-10-06
29,2020,11003,2020-09-08,2020-08-19,2020-04-29,2020-08-23
30,2020,10985,2020-11-16,2020-09-13,2020-09-01,2020-11-08
31,2020,10980,2020-07-15,2020-11-12,2020-07-31,2020-11-12
32,2020,10971,2020-09-02,2020-09-30,2020-08-05,2020-09-30
33,2020,10960,2020-11-15,2020-09-28,2020-09-12,2020-10-06
34,2019,11174,2019-10-30,2019-06-28,2019-05-23,2019-10-14
35,2019,11172,2019-04-09,2019-07-22,2019-07-06,2019-09-20
36,2019,11170,2019-11-09,2019-06-10,2019-04-19,2019-06-26
37,2019,11162,2019-04-09,2019-07-18,2019-06-28,2019-04-09
38,2019,11129,2019-04-19,2019-10-28,2019-09-18,2019-10-28
39,2019,11119,2019-08-27,2019-10-26,2019-09-24,2019-04-17
40,2019,11101,2019-08-29,2019-11-17,2019-06-30,2019-11-17
41,2019,11088,2019-08-25,2019-11-17,2019-09-02,2019-11-17
42,2019,11080,2019-04-07,2019-06-02,2019-05-21,2019-08-01
43,2019,11071,2019-06-10,2019-07-20,2019-09-14,2019-04-19
44,2019,11012,2019-11-15,2019-07-18,2019-05-15,2019-07-22
45,2019,11010,2019-11-16,2019-09-13,2019-07-15,2019-04-02
46,2019,11003,2019-06-26,2019-06-10,2019-09-18,2019-06-14
47,2019,10985,2019-08-25,2019-04-19,2019-08-29,2019-05-17
48,2019,10980,2019-08-23,2019-07-26,2019-08-31,2019-08-15
49,2019,10971,2019-05-17,2019-04-19,2019-10-04,2019-08-25
50,2019,10960,2019-08-04,2019-04-02,2019-08-28,2019-04-06
51,2018,11174,2018-06-02,2018-04-19,2018-07-08,2018-05-01
52,2018,11172,2018-11-13,2018-09-14,2018-08-25,2018-09-30
53,2018,11170,2018-06-29,2018-06-13,2018-04-18,2018-08-16
54,2018,11162,2018-10-28,2018-09-06,2018-05-29,2018-09-30
55,2018,11129,2018-08-25,2018-08-01,2018-10-16,2018-08-09
56,2018,11119,2018-05-09,2018-11-09,2018-05-17,2018-11-09
57,2018,11101,2018-08-24,2018-11-20,2018-05-04,2018-11-20
58,2018,11088,2018-11-09,2018-10-16,2018-06-06,2018-10-24
59,2018,11080,2018-07-27,2018-09-21,2018-09-05,2018-07-15
60,2018,11071,2018-09-14,2018-10-24,2018-04-19,2018-10-24
61,2018,11012,2018-11-16,2018-08-24,2018-07-03,2018-10-15
62,2018,11010,2018-06-29,2018-07-11,2018-07-07,2018-11-08
63,2018,11003,2018-08-12,2018-11-16,2018-08-20,2018-05-12
64,2018,10985,2018-06-30,2018-06-06,2018-07-16,2018-05-05
65,2018,10980,2018-07-24,2018-06-30,2018-09-14,2018-11-09
66,2018,10971,2018-08-25,2018-04-19,2018-09-26,2018-11-09
67,2018,10960,2018-06-09,2018-06-01,2018-05-20,2018-07-15
68,2017,11174,2017-04-24,2017-07-01,2017-06-11,2017-08-02
69,2017,11172,2017-08-02,2017-06-11,2017-08-02,2017-06-11
70,2017,11170,2017-09-03,2017-11-02,2017-04-24,2017-08-22
71,2017,11162,2017-06-03,2017-08-22,2017-07-13,2017-04-24
72,2017,11129,2017-06-11,2017-10-29,2017-08-22,2017-06-03
73,2017,11119,2017-04-24,2017-07-01,2017-06-03,2017-08-02
74,2017,11101,2017-06-03,2017-10-13,2017-07-05,2017-04-24
75,2017,11088,2017-06-25,2017-06-13,2017-09-21,2017-04-14
76,2017,11080,2017-04-24,2017-05-26,2017-09-23,2017-04-24
77,2017,11071,2017-06-03,2017-04-24,2017-08-22,2017-05-02
78,2017,11012,2017-07-05,2017-05-14,2017-04-24,2017-05-26
79,2017,11010,2017-09-23,2017-07-05,2017-06-15,2017-09-03
80,2017,11003,2017-07-01,2017-10-21,2017-09-19,2017-06-23
81,2017,10985,2017-06-11,2017-04-24,2017-04-24,2017-06-03
82,2017,10980,2017-04-14,2017-10-11,2017-09-21,2017-04-14
83,2017,10971,2017-06-23,2017-10-29,2017-08-22,2017-04-24
84,2017,10960,2017-04-24,2017-10-21,2017-10-09,2017-10-21
0,2021,11384,2021-03-29,2021-06-05,2021-04-22,2021-10-31
1,2021,11364,2021-06-24,2021-10-18,2021-08-23,2021-10-30
2,2021,11358,2021-09-28,2021-11-11,2021-10-22,2021-11-11
3,2021,11352,2021-07-19,2021-09-25,2021-09-17,2021-10-31
4,2021,11344,2021-03-29,2021-07-15,2021-07-07,2021-11-16
5,2021,11334,2021-04-06,2021-09-25,2021-09-13,2021-04-06
6,2021,11333,2021-10-18,2021-09-24,2021-09-12,2021-10-14
7,2021,11326,2021-08-24,2021-11-12,2021-07-11,2021-11-12
8,2021,11317,2021-06-01,2021-10-07,2021-09-21,2021-10-11
9,2021,11314,2021-03-29,2021-09-13,2021-09-05,2021-07-27
10,2021,11307,2021-06-24,2021-06-16,2021-08-31,2021-10-22
11,2021,11306,2021-10-06,2021-11-11,2021-08-07,2021-11-11
12,2021,11295,2021-08-21,2021-11-05,2021-07-24,2021-11-13
13,2021,11274,2021-07-20,2021-10-12,2021-09-22,2021-10-28
14,2021,11271,2021-09-22,2021-11-13,2021-10-08,2021-11-13
15,2021,11251,2021-07-12,2021-10-28,2021-09-02,2021-06-14
16,2021,11246,2021-06-22,2021-04-23,2021-06-26,2021-09-02
17,2021,11243,2021-06-14,2021-09-10,2021-08-21,2021-04-27
18,2021,11241,2021-04-23,2021-10-12,2021-07-20,2021-04-23
19,2021,11228,2021-10-30,2021-04-01,2021-09-04,2021-10-22
20,2021,11214,2021-08-13,2021-11-13,2021-07-12,2021-11-13
21,2020,11384,2020-11-12,2020-09-17,2020-08-04,2020-04-30
22,2020,11364,2020-09-08,2020-06-24,2020-05-31,2020-08-15
23,2020,11358,2020-03-29,2020-04-22,2020-07-27,2020-03-29
24,2020,11352,2020-03-29,2020-08-04,2020-07-31,2020-03-29
25,2020,11344,2020-09-08,2020-05-27,2020-09-12,2020-08-15
26,2020,11334,2020-11-04,2020-09-17,2020-09-05,2020-10-15
27,2020,11333,2020-05-03,2020-09-20,2020-09-12,2020-11-07
28,2020,11326,2020-11-04,2020-09-13,2020-08-16,2020-10-15
29,2020,11317,2020-05-31,2020-09-20,2020-06-24,2020-10-18
30,2020,11314,2020-07-14,2020-10-06,2020-07-30,2020-06-28
31,2020,11307,2020-11-12,2020-06-09,2020-05-20,2020-06-25
32,2020,11306,2020-04-21,2020-08-19,2020-05-31,2020-09-08
33,2020,11295,2020-11-13,2020-09-26,2020-06-10,2020-09-14
34,2020,11274,2020-09-03,2020-08-14,2020-08-10,2020-11-14
35,2020,11271,2020-09-02,2020-07-04,2020-06-10,2020-08-21
36,2020,11251,2020-11-09,2020-09-14,2020-06-26,2020-04-23
37,2020,11246,2020-06-02,2020-11-13,2020-09-14,2020-05-17
38,2020,11243,2020-05-17,2020-08-09,2020-06-10,2020-04-27
39,2020,11241,2020-11-13,2020-09-26,2020-08-09,2020-11-05
40,2020,11228,2020-05-20,2020-04-26,2020-04-18,2020-08-16
41,2020,11214,2020-08-23,2020-09-20,2020-09-12,2020-04-01
42,2019,11384,2019-04-15,2019-04-23,2019-08-25,2019-05-29
43,2019,11364,2019-05-13,2019-06-06,2019-04-15,2019-07-16
44,2019,11358,2019-09-30,2019-09-18,2019-09-02,2019-11-17
45,2019,11352,2019-09-26,2019-03-30,2019-08-29,2019-11-17
46,2019,11344,2019-07-24,2019-11-09,2019-09-02,2019-04-11
47,2019,11334,2019-03-30,2019-09-10,2019-08-29,2019-07-08
48,2019,11333,2019-04-15,2019-11-09,2019-05-29,2019-04-07
49,2019,11326,2019-05-01,2019-11-17,2019-05-09,2019-09-22
50,2019,11317,2019-07-24,2019-10-16,2019-05-01,2019-10-28
51,2019,11314,2019-04-15,2019-04-07,2019-07-04,2019-10-12
52,2019,11307,2019-09-18,2019-11-17,2019-08-25,2019-11-17
53,2019,11306,2019-06-02,2019-09-10,2019-04-23,2019-09-18
54,2019,11295,2019-05-24,2019-04-22,2019-06-05,2019-07-03
55,2019,11274,2019-10-26,2019-09-20,2019-07-22,2019-09-24
56,2019,11271,2019-11-09,2019-09-26,2019-08-29,2019-10-16
57,2019,11251,2019-05-31,2019-04-09,2019-07-30,2019-09-28
58,2019,11246,2019-08-27,2019-06-28,2019-09-20,2019-07-22
59,2019,11243,2019-08-27,2019-10-14,2019-09-28,2019-07-22
60,2019,11241,2019-08-07,2019-11-07,2019-09-12,2019-07-22
61,2019,11228,2019-04-15,2019-03-30,2019-06-02,2019-08-01
62,2019,11214,2019-10-28,2019-04-19,2019-04-15,2019-07-20
63,2018,11384,2018-04-18,2018-11-16,2018-09-17,2018-11-16
64,2018,11364,2018-11-16,2018-08-24,2018-07-03,2018-09-13
65,2018,11358,2018-04-02,2018-04-18,2018-04-14,2018-10-15
66,2018,11352,2018-04-02,2018-08-20,2018-04-18,2018-04-02
67,2018,11344,2018-11-17,2018-07-08,2018-06-06,2018-07-16
68,2018,11334,2018-04-02,2018-06-13,2018-05-12,2018-06-17
69,2018,11333,2018-09-05,2018-06-05,2018-05-28,2018-04-02
70,2018,11326,2018-11-16,2018-10-19,2018-04-26,2018-10-31
71,2018,11317,2018-04-02,2018-07-07,2018-04-18,2018-04-02
72,2018,11314,2018-04-02,2018-06-05,2018-07-03,2018-08-04
73,2018,11307,2018-04-02,2018-06-13,2018-07-03,2018-04-02
74,2018,11306,2018-08-04,2018-07-15,2018-07-07,2018-07-31
75,2018,11295,2018-04-06,2018-07-03,2018-09-13,2018-04-26
76,2018,11274,2018-06-06,2018-04-27,2018-07-12,2018-05-29
77,2018,11271,2018-04-19,2018-06-06,2018-10-16,2018-08-17
78,2018,11251,2018-04-19,2018-06-02,2018-06-02,2018-04-19
79,2018,11246,2018-11-13,2018-04-19,2018-04-19,2018-07-08
80,2018,11243,2018-07-21,2018-07-05,2018-08-06,2018-04-16
81,2018,11241,2018-06-13,2018-08-24,2018-08-04,2018-04-10
82,2018,11228,2018-07-27,2018-07-07,2018-06-21,2018-04-02
83,2018,11214,2018-04-02,2018-06-01,2018-05-20,2018-04-02
84,2017,11384,2017-11-10,2017-04-24,2017-04-24,2017-10-29
85,2017,11364,2017-11-02,2017-04-24,2017-09-11,2017-07-05
86,2017,11358,2017-08-22,2017-09-11,2017-05-14,2017-10-21
87,2017,11352,2017-11-10,2017-10-13,2017-06-03,2017-11-02
88,2017,11344,2017-04-24,2017-11-10,2017-05-26,2017-11-10
89,2017,11334,2017-08-02,2017-07-01,2017-05-26,2017-07-05
90,2017,11333,2017-08-14,2017-08-02,2017-07-13,2017-11-02
91,2017,11326,2017-11-10,2017-08-22,2017-06-03,2017-10-29
92,2017,11317,2017-11-02,2017-09-03,2017-04-24,2017-10-13
93,2017,11314,2017-07-05,2017-06-11,2017-05-14,2017-06-15
94,2017,11307,2017-05-26,2017-08-02,2017-07-13,2017-09-03
95,2017,11306,2017-07-01,2017-06-03,2017-05-22,2017-06-15
96,2017,11295,2017-08-07,2017-10-30,2017-09-08,2017-07-10
97,2017,11271,2017-10-29,2017-09-19,2017-07-13,2017-10-21
98,2017,11251,2017-07-01,2017-10-21,2017-07-13,2017-10-21
99,2017,11246,2017-10-29,2017-04-24,2017-10-29,2017-06-03
100,2017,11243,2017-04-24,2017-10-29,2017-06-03,2017-10-29
101,2017,11241,2017-06-11,2017-10-29,2017-08-26,2017-10-29
102,2017,11228,2017-09-03,2017-11-02,2017-05-14,2017-11-02
103,2017,11214,2017-11-02,2017-08-22,2017-05-14,2017-10-21
0,2021,11591,2021-08-04,2021-10-07,2021-09-05,2021-11-12
1,2021,11590,2021-04-26,2021-10-27,2021-05-16,2021-10-27
2,2021,11588,2021-04-26,2021-06-09,2021-05-28,2021-10-23
3,2021,11517,2021-04-21,2021-07-14,2021-07-10,2021-04-21
4,2021,11508,2021-04-26,2021-04-06,2021-05-28,2021-04-18
5,2021,11507,2021-07-24,2021-09-06,2021-09-02,2021-11-01
6,2021,11472,2021-04-06,2021-07-27,2021-05-28,2021-04-06
7,2021,11455,2021-03-29,2021-11-12,2021-06-17,2021-11-12
8,2021,11453,2021-04-21,2021-09-24,2021-08-07,2021-11-11
9,2021,11452,2021-04-18,2021-10-27,2021-06-05,2021-10-27
10,2021,11450,2021-08-24,2021-08-12,2021-07-27,2021-10-27
11,2021,11447,2021-08-31,2021-11-11,2021-09-08,2021-11-11
12,2021,11440,2021-04-21,2021-09-24,2021-09-12,2021-04-21
13,2021,11433,2021-04-23,2021-11-09,2021-07-28,2021-04-23
14,2021,11425,2021-06-29,2021-03-29,2021-09-01,2021-04-06
15,2021,11411,2021-08-31,2021-10-30,2021-06-16,2021-10-30
16,2021,11406,2021-09-02,2021-07-28,2021-07-12,2021-11-01
17,2021,11405,2021-11-13,2021-10-28,2021-08-13,2021-11-05
18,2020,11591,2020-11-07,2020-06-28,2020-09-12,2020-08-15
19,2020,11590,2020-05-06,2020-11-18,2020-07-25,2020-11-18
20,2020,11588,2020-09-15,2020-05-14,2020-04-24,2020-07-17
21,2020,11517,2020-11-06,2020-10-13,2020-09-07,2020-06-03
22,2020,11508,2020-06-24,2020-09-28,2020-09-16,2020-05-15
23,2020,11507,2020-11-07,2020-09-20,2020-05-15,2020-10-10
24,2020,11472,2020-11-06,2020-05-18,2020-04-24,2020-06-23
25,2020,11455,2020-11-11,2020-09-20,2020-09-12,2020-11-07
26,2020,11453,2020-06-20,2020-06-12,2020-09-12,2020-06-16
27,2020,11452,2020-10-15,2020-09-17,2020-06-21,2020-09-29
28,2020,11450,2020-10-22,2020-06-12,2020-11-11,2020-08-03
29,2020,11447,2020-08-20,2020-08-08,2020-05-20,2020-08-16
30,2020,11440,2020-11-07,2020-05-07,2020-11-07,2020-08-19
31,2020,11433,2020-05-03,2020-06-20,2020-06-12,2020-08-15
32,2020,11425,2020-09-12,2020-10-10,2020-09-16,2020-07-10
33,2020,11411,2020-04-01,2020-05-15,2020-04-29,2020-06-24
34,2020,11406,2020-05-31,2020-08-07,2020-07-14,2020-04-01
35,2020,11405,2020-11-12,2020-09-13,2020-08-12,2020-11-04
36,2019,11591,2019-07-24,2019-09-14,2019-04-15,2019-09-22
37,2019,11590,2019-08-01,2019-11-09,2019-06-30,2019-07-24
38,2019,11588,2019-06-26,2019-10-12,2019-06-30,2019-04-15
39,2019,11517,2019-07-24,2019-11-13,2019-04-19,2019-11-13
40,2019,11508,2019-05-09,2019-07-04,2019-06-26,2019-08-29
41,2019,11507,2019-04-29,2019-06-24,2019-06-24,2019-04-17
42,2019,11472,2019-10-12,2019-04-07,2019-05-09,2019-09-26
43,2019,11455,2019-10-28,2019-06-06,2019-06-02,2019-10-24
44,2019,11453,2019-10-24,2019-11-17,2019-11-09,2019-05-01
45,2019,11452,2019-06-02,2019-09-14,2019-06-18,2019-09-18
46,2019,11450,2019-07-20,2019-11-09,2019-08-21,2019-11-09
47,2019,11447,2019-05-01,2019-09-18,2019-08-25,2019-10-08
48,2019,11440,2019-10-12,2019-03-30,2019-05-17,2019-09-18
49,2019,11433,2019-04-11,2019-11-09,2019-05-29,2019-11-09
50,2019,11425,2019-07-28,2019-11-09,2019-08-25,2019-11-09
51,2019,11411,2019-09-30,2019-03-30,2019-06-02,2019-04-07
52,2019,11406,2019-07-24,2019-07-16,2019-06-30,2019-09-30
53,2019,11405,2019-05-13,2019-04-23,2019-06-02,2019-05-09
54,2018,11591,2018-04-02,2018-07-03,2018-04-30,2018-11-16
55,2018,11590,2018-11-17,2018-10-16,2018-05-05,2018-10-24
56,2018,11588,2018-09-17,2018-08-20,2018-07-23,2018-04-02
57,2018,11517,2018-11-16,2018-06-29,2018-05-20,2018-04-02
58,2018,11508,2018-06-06,2018-07-24,2018-06-30,2018-09-18
59,2018,11507,2018-09-18,2018-08-05,2018-06-30,2018-08-17
60,2018,11472,2018-04-02,2018-05-16,2018-04-22,2018-05-20
61,2018,11455,2018-11-16,2018-10-15,2018-10-03,2018-04-02
62,2018,11453,2018-03-30,2018-08-13,2018-06-02,2018-03-30
63,2018,11452,2018-06-17,2018-07-07,2018-06-29,2018-07-11
64,2018,11450,2018-05-13,2018-05-05,2018-05-29,2018-08-09
65,2018,11447,2018-11-17,2018-07-08,2018-09-22,2018-09-02
66,2018,11440,2018-07-08,2018-07-20,2018-11-17,2018-09-02
67,2018,11433,2018-11-16,2018-05-28,2018-07-03,2018-08-16
68,2018,11425,2018-04-02,2018-10-11,2018-10-03,2018-07-15
69,2018,11411,2018-11-16,2018-08-04,2018-04-18,2018-08-12
70,2018,11406,2018-10-03,2018-11-20,2018-06-21,2018-04-02
71,2018,11405,2018-10-03,2018-09-17,2018-09-05,2018-09-29
72,2017,11591,2017-04-24,2017-10-29,2017-05-26,2017-04-24
73,2017,11590,2017-08-02,2017-04-24,2017-09-03,2017-07-21
74,2017,11588,2017-11-01,2017-08-25,2017-06-14,2017-10-12
75,2017,11517,2017-05-17,2017-09-22,2017-08-25,2017-06-26
76,2017,11508,2017-05-17,2017-06-26,2017-05-25,2017-08-13
77,2017,11507,2017-05-17,2017-11-01,2017-06-14,2017-05-17
78,2017,11472,2017-08-13,2017-05-17,2017-05-17,2017-06-14
79,2017,11455,2017-11-02,2017-09-23,2017-08-02,2017-10-29
80,2017,11453,2017-04-24,2017-11-10,2017-10-21,2017-08-02
81,2017,11452,2017-11-10,2017-08-02,2017-04-24,2017-11-02
82,2017,11450,2017-08-14,2017-06-15,2017-05-14,2017-08-02
83,2017,11447,2017-08-02,2017-07-05,2017-08-22,2017-08-02
84,2017,11440,2017-04-24,2017-07-01,2017-05-26,2017-08-14
85,2017,11433,2017-07-05,2017-06-11,2017-09-03,2017-06-23
86,2017,11425,2017-11-10,2017-10-13,2017-04-24,2017-10-29
87,2017,11411,2017-10-13,2017-06-23,2017-06-11,2017-07-01
88,2017,11406,2017-06-23,2017-09-19,2017-07-13,2017-04-24
89,2017,11405,2017-11-10,2017-04-24,2017-04-24,2017-11-02
0,2021,11849,2021-06-22,2021-09-06,2021-07-28,2021-10-16
1,2021,11728,2021-07-27,2021-08-12,2021-09-05,2021-10-31
2,2021,11725,2021-04-11,2021-10-20,2021-09-06,2021-10-20
3,2021,11717,2021-10-31,2021-04-26,2021-04-26,2021-08-08
4,2021,11712,2021-08-01,2021-08-13,2021-06-02,2021-09-02
5,2021,11703,2021-10-04,2021-09-22,2021-09-02,2021-10-24
6,2021,11667,2021-10-30,2021-09-08,2021-08-11,2021-10-06
7,2021,11641,2021-10-10,2021-09-08,2021-08-11,2021-09-20
8,2021,11635,2021-04-06,2021-10-11,2021-05-28,2021-04-06
9,2020,11849,2020-10-09,2020-06-11,2020-11-06,2020-09-19
10,2020,11728,2020-11-07,2020-09-16,2020-09-08,2020-07-10
11,2020,11725,2020-11-14,2020-05-18,2020-04-20,2020-11-02
12,2020,11717,2020-08-18,2020-09-15,2020-09-07,2020-04-28
13,2020,11712,2020-07-21,2020-06-23,2020-11-06,2020-06-27
14,2020,11703,2020-09-15,2020-11-06,2020-05-14,2020-09-07
15,2020,11667,2020-09-07,2020-11-06,2020-09-15,2020-06-27
16,2020,11641,2020-08-18,2020-06-27,2020-09-15,2020-07-17
17,2020,11635,2020-08-18,2020-11-06,2020-09-11,2020-03-31
18,2019,11849,2019-06-20,2019-09-04,2019-07-22,2019-03-28
19,2019,11728,2019-10-14,2019-06-28,2019-06-28,2019-09-28
20,2019,11725,2019-09-19,2019-04-28,2019-06-03,2019-09-11
21,2019,11717,2019-06-26,2019-06-30,2019-06-30,2019-09-26
22,2019,11712,2019-05-14,2019-10-21,2019-06-03,2019-11-18
23,2019,11703,2019-05-14,2019-10-29,2019-06-03,2019-10-29
24,2019,11667,2019-03-28,2019-06-24,2019-04-17,2019-03-28
25,2019,11641,2019-06-24,2019-09-04,2019-07-30,2019-11-15
26,2019,11635,2019-08-25,2019-07-04,2019-04-07,2019-07-16
27,2018,11849,2018-06-21,2018-08-16,2018-07-23,2018-08-28
28,2018,11728,2018-04-07,2018-08-05,2018-04-27,2018-08-17
29,2018,11725,2018-05-29,2018-06-06,2018-04-19,2018-09-06
30,2018,11717,2018-08-12,2018-09-21,2018-04-22,2018-10-11
31,2018,11712,2018-04-14,2018-06-05,2018-05-24,2018-09-05
32,2018,11703,2018-06-26,2018-07-08,2018-05-05,2018-10-16
33,2018,11667,2018-08-20,2018-04-26,2018-04-22,2018-08-08
34,2018,11641,2018-09-18,2018-04-07,2018-06-14,2018-04-15
35,2018,11635,2018-11-17,2018-07-28,2018-07-04,2018-09-06
36,2017,11849,2017-10-31,2017-06-17,2017-05-16,2017-07-27
37,2017,11728,2017-10-14,2017-06-16,2017-05-27,2017-07-06
38,2017,11725,2017-07-19,2017-10-31,2017-10-11,2017-10-31
39,2017,11717,2017-07-06,2017-11-03,2017-08-15,2017-11-03
40,2017,11712,2017-07-03,2017-09-01,2017-08-24,2017-10-27
41,2017,11703,2017-10-15,2017-05-24,2017-05-08,2017-06-17
42,2017,11667,2017-05-27,2017-11-03,2017-08-15,2017-05-27
43,2017,11641,2017-08-13,2017-06-26,2017-05-25,2017-07-04
44,2017,11635,2017-08-15,2017-11-03,2017-08-23,2017-11-03
0,2021,12206,2021-06-08,2021-11-11,2021-08-19,2021-11-11
1,2021,12173,2021-08-21,2021-09-10,2021-05-29,2021-10-20
2,2021,12168,2021-08-21,2021-07-24,2021-09-02,2021-08-09
3,2021,12156,2021-07-16,2021-07-24,2021-09-06,2021-05-05
4,2021,12065,2021-03-28,2021-05-07,2021-09-04,2021-06-12
5,2021,12033,2021-04-21,2021-05-31,2021-04-25,2021-07-22
6,2021,12013,2021-05-31,2021-04-01,2021-07-18,2021-04-25
7,2021,12001,2021-07-09,2021-10-21,2021-09-07,2021-11-10
8,2021,11938,2021-04-21,2021-05-31,2021-08-07,2021-04-21
9,2021,11932,2021-04-25,2021-10-22,2021-09-16,2021-04-21
10,2021,11919,2021-04-21,2021-10-26,2021-09-12,2021-10-26
11,2020,12206,2020-06-19,2020-08-30,2020-07-05,2020-05-26
12,2020,12173,2020-04-03,2020-06-02,2020-04-19,2020-04-03
13,2020,12168,2020-10-20,2020-11-13,2020-11-05,2020-06-10
14,2020,12156,2020-04-03,2020-08-17,2020-08-01,2020-04-03
15,2020,12065,2020-10-11,2020-11-08,2020-11-04,2020-09-17
16,2020,12033,2020-09-08,2020-10-26,2020-09-12,2020-04-01
17,2020,12013,2020-10-30,2020-09-12,2020-07-02,2020-09-28
18,2020,12001,2020-07-03,2020-10-11,2020-07-27,2020-11-04
19,2020,11938,2020-05-03,2020-10-26,2020-09-12,2020-10-26
20,2020,11932,2020-05-19,2020-06-24,2020-04-13,2020-07-30
21,2020,11919,2020-05-03,2020-10-26,2020-05-19,2020-04-29
22,2019,12206,2019-06-10,2019-08-21,2019-07-20,2019-05-17
23,2019,12173,2019-05-16,2019-06-25,2019-06-09,2019-10-11
24,2019,12168,2019-10-03,2019-10-27,2019-06-09,2019-09-17
25,2019,12156,2019-10-11,2019-09-13,2019-06-25,2019-09-17
26,2019,12065,2019-05-24,2019-07-03,2019-06-17,2019-08-24
27,2019,12033,2019-04-07,2019-06-30,2019-06-18,2019-07-16
28,2019,12013,2019-04-17,2019-06-28,2019-08-27,2019-04-17
29,2019,12001,2019-08-22,2019-11-18,2019-08-30,2019-11-18
30,2019,11938,2019-08-25,2019-11-17,2019-09-26,2019-11-17
31,2019,11932,2019-08-22,2019-11-18,2019-06-23,2019-11-18
32,2019,11919,2019-07-20,2019-05-29,2019-05-17,2019-07-16
33,2018,12206,2018-10-28,2018-08-05,2018-06-06,2018-10-16
34,2018,12173,2018-05-04,2018-06-13,2018-05-12,2018-08-20
35,2018,12168,2018-07-15,2018-11-12,2018-04-26,2018-11-12
36,2018,12156,2018-06-29,2018-06-09,2018-07-27,2018-11-12
37,2018,12065,2018-08-05,2018-07-20,2018-07-12,2018-10-12
38,2018,12033,2018-08-17,2018-05-21,2018-04-15,2018-08-13
39,2018,12013,2018-04-19,2018-04-07,2018-04-27,2018-08-13
40,2018,12001,2018-07-28,2018-05-05,2018-04-19,2018-11-17
41,2018,11938,2018-05-04,2018-04-26,2018-06-13,2018-11-16
42,2018,11932,2018-11-16,2018-06-21,2018-05-12,2018-08-20
43,2018,11919,2018-09-17,2018-08-20,2018-06-13,2018-09-13
44,2017,12206,2017-04-24,2017-11-02,2017-08-22,2017-11-02
45,2017,12173,2017-05-25,2017-04-27,2017-06-14,2017-09-02
46,2017,12168,2017-08-03,2017-09-08,2017-08-15,2017-09-28
47,2017,12156,2017-07-13,2017-06-15,2017-08-14,2017-10-29
48,2017,12065,2017-08-21,2017-06-10,2017-04-27,2017-06-18
49,2017,12033,2017-10-14,2017-07-06,2017-06-16,2017-08-23
50,2017,12013,2017-07-04,2017-11-01,2017-05-17,2017-11-01
51,2017,12001,2017-06-26,2017-09-02,2017-08-13,2017-05-17
52,2017,11938,2017-05-17,2017-10-12,2017-08-25,2017-11-01
53,2017,11932,2017-06-26,2017-05-17,2017-07-04,2017-11-01
54,2017,11919,2017-06-26,2017-10-24,2017-08-05,2017-10-24
0,2021,12601,2021-08-29,2021-08-13,2021-06-30,2021-08-25
1,2021,12560,2021-10-03,2021-09-05,2021-04-14,2021-09-13
2,2021,12539,2021-06-27,2021-11-06,2021-07-29,2021-11-06
3,2021,12537,2021-04-23,2021-05-21,2021-07-16,2021-04-07
4,2021,12479,2021-07-09,2021-11-10,2021-07-25,2021-04-08
5,2021,12460,2021-08-12,2021-07-27,2021-09-01,2021-10-27
6,2021,12306,2021-03-29,2021-06-17,2021-06-01,2021-10-23
7,2021,12305,2021-03-29,2021-10-07,2021-08-04,2021-10-27
8,2021,12295,2021-04-23,2021-11-13,2021-08-09,2021-11-13
9,2021,12291,2021-11-07,2021-10-10,2021-11-07,2021-07-14
10,2021,12258,2021-07-24,2021-10-28,2021-08-09,2021-05-29
11,2020,12601,2020-07-15,2020-03-25,2020-11-04,2020-07-11
12,2020,12560,2020-05-20,2020-09-25,2020-06-05,2020-10-15
13,2020,12539,2020-11-04,2020-09-29,2020-09-17,2020-10-27
14,2020,12537,2020-08-22,2020-11-06,2020-09-19,2020-07-29
15,2020,12479,2020-09-15,2020-11-10,2020-04-16,2020-08-10
16,2020,12460,2020-11-04,2020-09-17,2020-08-28,2020-05-20
17,2020,12306,2020-09-16,2020-11-11,2020-10-22,2020-07-26
18,2020,12305,2020-07-18,2020-09-16,2020-08-11,2020-04-17
19,2020,12295,2020-07-04,2020-11-13,2020-07-20,2020-11-13
20,2020,12291,2020-04-16,2020-03-27,2020-10-21,2020-04-04
21,2020,12258,2020-08-31,2020-06-12,2020-05-07,2020-08-11
22,2019,12601,2019-06-01,2019-05-12,2019-04-18,2019-05-16
23,2019,12560,2019-08-20,2019-07-07,2019-04-26,2019-08-08
24,2019,12539,2019-10-25,2019-03-31,2019-06-23,2019-10-17
25,2019,12537,2019-11-09,2019-06-22,2019-07-16,2019-06-26
26,2019,12479,2019-03-30,2019-11-09,2019-04-03,2019-09-10
27,2019,12460,2019-06-14,2019-11-09,2019-03-30,2019-11-09
28,2019,12306,2019-11-09,2019-06-18,2019-05-09,2019-06-26
29,2019,12305,2019-09-30,2019-03-30,2019-04-19,2019-08-25
30,2019,12295,2019-11-10,2019-04-04,2019-11-10,2019-04-08
31,2019,12291,2019-06-29,2019-06-21,2019-06-09,2019-06-25
32,2019,12258,2019-11-09,2019-04-23,2019-07-20,2019-10-04
33,2018,12601,2018-10-23,2018-10-15,2018-06-25,2018-09-01
34,2018,12560,2018-04-02,2018-08-04,2018-05-04,2018-04-02
35,2018,12539,2018-04-02,2018-10-15,2018-04-26,2018-04-02
36,2018,12537,2018-04-02,2018-06-05,2018-07-31,2018-04-02
37,2018,12479,2018-09-18,2018-05-13,2018-04-27,2018-07-28
38,2018,12460,2018-04-06,2018-05-28,2018-05-24,2018-04-02
39,2018,12306,2018-04-14,2018-06-05,2018-04-26,2018-08-04
40,2018,12305,2018-03-30,2018-06-06,2018-04-19,2018-08-13
41,2018,12295,2018-11-15,2018-08-19,2018-06-16,2018-05-11
42,2018,12291,2018-04-02,2018-10-31,2018-04-18,2018-10-31
43,2018,12258,2018-04-11,2018-11-13,2018-05-05,2018-08-17
44,2017,12601,2017-11-13,2017-04-27,2017-08-13,2017-10-16
45,2017,12560,2017-11-10,2017-08-10,2017-11-10,2017-04-24
46,2017,12539,2017-11-13,2017-09-14,2017-07-08,2017-11-01
47,2017,12537,2017-05-07,2017-11-11,2017-08-15,2017-05-07
48,2017,12479,2017-05-14,2017-09-11,2017-08-02,2017-05-14
49,2017,12460,2017-11-13,2017-04-27,2017-04-27,2017-08-05
50,2017,12306,2017-04-24,2017-05-26,2017-05-14,2017-10-13
51,2017,12305,2017-10-12,2017-06-06,2017-05-25,2017-09-10
52,2017,12291,2017-06-26,2017-10-28,2017-08-13,2017-10-28
53,2017,12258,2017-04-24,2017-10-13,2017-08-02,2017-04-24
0,2021,13001,2021-04-03,2021-04-27,2021-09-06,2021-04-03
1,2021,12987,2021-04-03,2021-09-22,2021-09-06,2021-11-09
2,2021,12978,2021-04-03,2021-09-10,2021-09-02,2021-04-03
3,2021,12967,2021-05-30,2021-06-07,2021-06-07,2021-04-28
4,2021,12937,2021-08-05,2021-09-10,2021-09-02,2021-04-03
5,2021,12881,2021-08-19,2021-10-10,2021-08-31,2021-11-15
6,2021,12873,2021-10-08,2021-11-13,2021-09-06,2021-11-13
7,2021,12843,2021-08-08,2021-10-15,2021-06-01,2021-10-27
8,2021,12695,2021-07-19,2021-04-06,2021-05-20,2021-10-11
9,2021,12690,2021-06-16,2021-09-04,2021-07-14,2021-06-04
10,2020,13001,2020-09-12,2020-04-25,2020-05-15,2020-08-19
11,2020,12987,2020-08-15,2020-11-15,2020-08-23,2020-05-27
12,2020,12978,2020-11-07,2020-05-07,2020-04-21,2020-08-15
13,2020,12967,2020-11-06,2020-08-14,2020-08-06,2020-10-25
14,2020,12937,2020-11-11,2020-10-02,2020-11-11,2020-11-03
15,2020,12881,2020-11-05,2020-10-24,2020-09-22,2020-11-01
16,2020,12873,2020-11-11,2020-04-01,2020-11-11,2020-08-19
17,2020,12843,2020-04-29,2020-10-18,2020-05-11,2020-04-01
18,2020,12695,2020-06-13,2020-10-03,2020-06-21,2020-10-03
19,2020,12690,2020-07-28,2020-09-30,2020-09-22,2020-04-27
20,2019,13001,2019-10-01,2019-11-10,2019-04-20,2019-07-05
21,2019,12987,2019-10-12,2019-06-06,2019-11-05,2019-09-30
22,2019,12978,2019-10-16,2019-07-16,2019-11-09,2019-09-30
23,2019,12967,2019-04-09,2019-11-07,2019-06-16,2019-11-07
24,2019,12937,2019-11-08,2019-06-01,2019-06-17,2019-09-21
25,2019,12881,2019-06-04,2019-07-22,2019-06-12,2019-07-30
26,2019,12873,2019-04-23,2019-06-02,2019-05-17,2019-04-03
27,2019,12843,2019-10-07,2019-11-08,2019-05-24,2019-04-02
28,2019,12695,2019-04-27,2019-06-14,2019-06-02,2019-09-10
29,2019,12690,2019-07-08,2019-08-25,2019-08-09,2019-09-14
30,2018,13001,2018-08-17,2018-11-17,2018-05-01,2018-07-28
31,2018,12987,2018-03-30,2018-09-14,2018-05-21,2018-03-30
32,2018,12978,2018-07-16,2018-07-08,2018-06-18,2018-09-06
33,2018,12967,2018-07-26,2018-07-10,2018-06-08,2018-04-13
34,2018,12937,2018-10-03,2018-11-16,2018-05-08,2018-11-16
35,2018,12881,2018-05-12,2018-06-17,2018-05-28,2018-07-07
36,2018,12873,2018-03-30,2018-09-02,2018-05-13,2018-03-30
37,2018,12843,2018-05-30,2018-05-22,2018-05-10,2018-04-04
38,2018,12695,2018-04-14,2018-07-03,2018-05-24,2018-09-29
39,2018,12690,2018-07-27,2018-08-24,2018-07-07,2018-09-09
40,2017,13001,2017-09-11,2017-04-24,2017-10-21,2017-08-14
41,2017,12987,2017-04-24,2017-05-26,2017-11-02,2017-08-14
42,2017,12978,2017-04-24,2017-07-01,2017-05-22,2017-08-14
43,2017,12937,2017-06-03,2017-11-02,2017-09-11,2017-11-02
44,2017,12881,2017-04-24,2017-07-01,2017-05-10,2017-07-09
45,2017,12873,2017-07-13,2017-08-14,2017-08-10,2017-07-01
46,2017,12843,2017-07-01,2017-11-02,2017-09-03,2017-11-02
47,2017,12695,2017-11-13,2017-06-06,2017-05-17,2017-10-20
48,2017,12690,2017-06-14,2017-08-25,2017-08-05,2017-11-01
0,2021,13361,2021-05-29,2021-10-20,2021-07-16,2021-05-09
1,2021,13326,2021-04-03,2021-07-12,2021-06-10,2021-11-13
2,2021,13262,2021-11-01,2021-09-26,2021-09-06,2021-10-20
3,2021,13214,2021-04-20,2021-06-07,2021-04-24,2021-09-23
4,2021,13200,2021-11-17,2021-09-10,2021-07-16,2021-10-04
5,2020,13361,2020-09-15,2020-09-27,2020-11-10,2020-08-26
6,2020,13326,2020-07-30,2020-07-18,2020-05-19,2020-11-07
7,2020,13262,2020-05-05,2020-11-05,2020-05-17,2020-11-05
8,2020,13214,2020-06-11,2020-03-27,2020-07-21,2020-11-02
9,2020,13200,2020-06-11,2020-10-13,2020-07-17,2020-04-04
10,2019,13361,2019-04-07,2019-07-04,2019-06-02,2019-11-13
11,2019,13326,2019-05-21,2019-06-30,2019-06-22,2019-07-20
12,2019,13262,2019-04-30,2019-10-27,2019-05-12,2019-07-19
13,2019,13214,2019-10-29,2019-05-14,2019-04-12,2019-07-25
14,2019,13200,2019-09-29,2019-10-27,2019-05-04,2019-07-23
15,2018,13361,2018-04-02,2018-06-29,2018-07-19,2018-09-17
16,2018,13326,2018-03-30,2018-11-13,2018-05-29,2018-08-29
17,2018,13262,2018-04-14,2018-04-02,2018-05-28,2018-09-21
18,2018,13214,2018-04-02,2018-05-08,2018-08-20,2018-04-02
19,2018,13200,2018-06-05,2018-05-24,2018-05-20,2018-07-31
20,2017,13361,2017-09-27,2017-07-05,2017-04-20,2017-08-06
21,2017,13326,2017-04-24,2017-11-02,2017-05-26,2017-08-22
22,2017,13262,2017-08-06,2017-07-29,2017-11-02,2017-08-02
23,2017,13214,2017-07-07,2017-10-15,2017-08-24,2017-07-03
24,2017,13200,2017-10-11,2017-07-03,2017-04-30,2017-08-24
0,2021,13681,2021-07-15,2021-10-23,2021-09-25,2021-10-23
1,2021,13679,2021-05-01,2021-07-20,2021-10-28,2021-04-03
2,2021,13664,2021-08-28,2021-08-12,2021-09-09,2021-08-20
3,2021,13661,2021-08-29,2021-11-05,2021-09-14,2021-11-05
4,2021,13659,2021-06-14,2021-09-10,2021-07-24,2021-04-27
5,2021,13642,2021-04-19,2021-03-30,2021-07-20,2021-11-17
6,2021,13639,2021-06-18,2021-10-08,2021-07-16,2021-11-17
7,2021,13602,2021-04-23,2021-04-11,2021-09-06,2021-04-19
8,2021,13584,2021-04-23,2021-04-03,2021-04-03,2021-11-13
9,2021,13400,2021-08-29,2021-10-24,2021-09-06,2021-11-17
10,2020,13681,2020-04-04,2020-03-23,2020-03-23,2020-08-10
11,2020,13679,2020-06-10,2020-11-13,2020-08-05,2020-04-03
12,2020,13664,2020-10-31,2020-03-25,2020-07-31,2020-04-02
13,2020,13661,2020-11-08,2020-10-23,2020-08-04,2020-10-31
14,2020,13659,2020-10-22,2020-11-11,2020-04-25,2020-08-03
15,2020,13642,2020-11-06,2020-07-17,2020-06-27,2020-10-25
16,2020,13639,2020-06-23,2020-10-01,2020-09-15,2020-11-02
17,2020,13602,2020-08-07,2020-07-30,2020-09-08,2020-08-03
18,2020,13584,2020-09-28,2020-06-28,2020-06-16,2020-08-23
19,2020,13400,2020-11-05,2020-08-05,2020-07-28,2020-05-05
20,2019,13681,2019-10-27,2019-03-29,2019-03-29,2019-09-01
21,2019,13679,2019-08-27,2019-04-09,2019-09-24,2019-07-18
22,2019,13664,2019-07-11,2019-11-08,2019-04-14,2019-11-08
23,2019,13661,2019-11-14,2019-03-31,2019-08-30,2019-10-05
24,2019,13659,2019-10-07,2019-06-17,2019-11-08,2019-05-24
25,2019,13642,2019-05-10,2019-08-10,2019-06-11,2019-08-22
26,2019,13639,2019-06-28,2019-09-20,2019-09-12,2019-10-10
27,2019,13602,2019-10-12,2019-07-20,2019-06-26,2019-04-07
28,2019,13584,2019-06-02,2019-06-30,2019-06-10,2019-07-20
29,2019,13400,2019-06-01,2019-04-10,2019-07-03,2019-05-24
30,2018,13681,2018-06-11,2018-05-30,2018-05-02,2018-07-21
31,2018,13679,2018-10-28,2018-04-19,2018-08-05,2018-10-24
32,2018,13664,2018-09-27,2018-09-03,2018-10-09,2018-06-27
33,2018,13661,2018-08-30,2018-10-21,2018-05-18,2018-08-22
34,2018,13659,2018-06-26,2018-07-28,2018-07-20,2018-04-15
35,2018,13642,2018-04-17,2018-11-15,2018-05-03,2018-08-07
36,2018,13639,2018-06-12,2018-08-03,2018-07-22,2018-09-12
37,2018,13602,2018-06-06,2018-04-07,2018-09-26,2018-04-11
38,2018,13584,2018-04-07,2018-06-26,2018-05-13,2018-07-28
39,2018,13400,2018-05-28,2018-07-23,2018-07-03,2018-04-02
40,2017,13681,2017-04-30,2017-11-04,2017-05-12,2017-11-04
41,2017,13679,2017-04-24,2017-07-01,2017-06-03,2017-10-21
42,2017,13664,2017-11-05,2017-07-08,2017-11-05,2017-08-21
43,2017,13661,2017-11-05,2017-04-03,2017-11-05,2017-10-24
44,2017,13659,2017-06-23,2017-10-13,2017-08-02,2017-04-24
45,2017,13642,2017-07-17,2017-11-02,2017-05-14,2017-11-02
46,2017,13639,2017-05-26,2017-10-13,2017-08-14,2017-05-10
47,2017,13602,2017-05-17,2017-11-01,2017-10-12,2017-11-01
48,2017,13584,2017-05-26,2017-07-01,2017-06-03,2017-08-14
49,2017,13400,2017-07-17,2017-08-14,2017-11-10,2017-04-24
0,2021,14434,2021-06-26,2021-11-05,2021-07-16,2021-11-05
1,2021,14341,2021-09-06,2021-08-09,2021-10-24,2021-08-09
2,2021,14339,2021-08-01,2021-07-16,2021-05-17,2021-11-01
3,2021,14220,2021-07-26,2021-05-31,2021-10-06,2021-04-17
4,2021,14000,2021-06-22,2021-09-10,2021-07-16,2021-10-08
5,2021,13994,2021-07-24,2021-09-10,2021-08-01,2021-09-26
6,2021,13964,2021-06-30,2021-09-26,2021-07-16,2021-04-11
7,2021,13959,2021-09-02,2021-04-27,2021-04-27,2021-05-29
8,2021,13955,2021-03-27,2021-09-27,2021-09-07,2021-03-27
9,2021,13938,2021-07-28,2021-11-09,2021-06-26,2021-11-09
10,2021,13935,2021-07-24,2021-10-12,2021-09-22,2021-10-20
11,2021,13930,2021-06-30,2021-07-20,2021-09-02,2021-06-22
12,2021,13929,2021-10-30,2021-04-01,2021-06-16,2021-10-22
13,2021,13921,2021-10-20,2021-11-05,2021-09-06,2021-11-05
14,2021,13789,2021-08-09,2021-11-05,2021-10-28,2021-11-05
15,2021,13787,2021-09-02,2021-11-05,2021-09-10,2021-11-05
16,2020,14434,2020-08-28,2020-08-16,2020-09-13,2020-04-06
17,2020,14341,2020-07-21,2020-03-23,2020-05-30,2020-03-27
18,2020,14339,2020-11-06,2020-04-24,2020-05-26,2020-05-02
19,2020,14220,2020-11-02,2020-08-02,2020-11-02,2020-08-14
20,2020,14000,2020-11-16,2020-08-20,2020-06-25,2020-10-23
21,2020,13994,2020-06-13,2020-07-03,2020-08-04,2020-05-08
22,2020,13964,2020-07-13,2020-08-14,2020-08-10,2020-05-14
23,2020,13959,2020-09-03,2020-08-10,2020-11-06,2020-08-30
24,2020,13955,2020-09-29,2020-07-11,2020-05-24,2020-08-04
25,2020,13938,2020-07-09,2020-08-14,2020-08-10,2020-03-27
26,2020,13935,2020-11-14,2020-09-19,2020-07-25,2020-03-31
27,2020,13930,2020-11-16,2020-10-11,2020-05-04,2020-10-19
28,2020,13929,2020-11-07,2020-08-15,2020-08-07,2020-10-26
29,2020,13921,2020-09-09,2020-08-28,2020-06-17,2020-09-01
30,2020,13789,2020-11-08,2020-03-25,2020-08-12,2020-10-27
31,2020,13787,2020-09-08,2020-11-11,2020-11-03,2020-08-15
32,2019,14434,2019-06-19,2019-09-27,2019-07-25,2019-05-10
33,2019,14341,2019-03-24,2019-10-02,2019-06-20,2019-03-24
34,2019,14339,2019-08-20,2019-06-25,2019-06-17,2019-07-23
35,2019,14220,2019-06-17,2019-03-29,2019-08-20,2019-06-05
36,2019,14000,2019-11-16,2019-09-01,2019-06-25,2019-10-11
37,2019,13994,2019-11-04,2019-04-30,2019-04-18,2019-08-08
38,2019,13964,2019-06-18,2019-08-21,2019-07-16,2019-10-20
39,2019,13959,2019-10-30,2019-04-21,2019-10-30,2019-10-02
40,2019,13955,2019-05-06,2019-04-20,2019-03-31,2019-10-17
41,2019,13938,2019-09-22,2019-09-10,2019-06-02,2019-07-20
42,2019,13935,2019-08-07,2019-07-22,2019-09-12,2019-08-03
43,2019,13930,2019-05-08,2019-07-23,2019-06-05,2019-09-01
44,2019,13929,2019-07-19,2019-08-24,2019-10-11,2019-04-02
45,2019,13921,2019-11-02,2019-05-26,2019-06-19,2019-03-31
46,2019,13789,2019-09-13,2019-03-29,2019-04-22,2019-11-04
47,2019,13787,2019-05-05,2019-06-26,2019-05-17,2019-06-30
48,2018,14434,2018-07-07,2018-06-25,2018-07-31,2018-04-10
49,2018,14341,2018-04-17,2018-03-24,2018-09-28,2018-04-01
50,2018,14339,2018-09-25,2018-09-17,2018-06-05,2018-07-11
51,2018,14220,2018-09-28,2018-11-03,2018-05-03,2018-11-03
52,2018,14000,2018-06-02,2018-05-05,2018-06-06,2018-08-25
53,2018,13994,2018-06-04,2018-07-22,2018-06-24,2018-10-10
54,2018,13964,2018-04-05,2018-08-23,2018-10-10,2018-04-05
55,2018,13959,2018-03-24,2018-11-03,2018-10-10,2018-03-24
56,2018,13955,2018-04-02,2018-08-20,2018-11-04,2018-04-02
57,2018,13938,2018-09-29,2018-11-04,2018-09-09,2018-11-04
58,2018,13935,2018-10-13,2018-11-14,2018-05-26,2018-04-04
59,2018,13930,2018-03-26,2018-06-06,2018-05-13,2018-08-21
60,2018,13929,2018-07-24,2018-07-16,2018-10-08,2018-07-20
61,2018,13921,2018-08-09,2018-08-21,2018-05-21,2018-08-25
62,2018,13789,2018-10-08,2018-09-22,2018-05-05,2018-09-26
63,2018,13787,2018-07-20,2018-06-06,2018-11-13,2018-09-22
64,2017,14434,2017-06-01,2017-04-30,2017-07-07,2017-05-12
65,2017,14339,2017-11-04,2017-10-11,2017-05-24,2017-11-04
66,2017,14000,2017-04-27,2017-10-24,2017-06-18,2017-10-24
67,2017,13994,2017-07-08,2017-07-20,2017-07-16,2017-09-14
68,2017,13964,2017-11-04,2017-04-30,2017-04-30,2017-10-27
69,2017,13959,2017-04-03,2017-08-21,2017-06-02,2017-09-10
70,2017,13955,2017-11-12,2017-05-28,2017-05-24,2017-10-31
71,2017,13938,2017-04-27,2017-07-04,2017-09-02,2017-04-27
72,2017,13935,2017-06-11,2017-08-22,2017-07-17,2017-05-30
73,2017,13930,2017-06-10,2017-08-21,2017-07-16,2017-04-03
74,2017,13929,2017-07-05,2017-10-21,2017-06-03,2017-10-21
75,2017,13921,2017-04-27,2017-10-16,2017-05-29,2017-11-05
76,2017,13789,2017-11-04,2017-04-30,2017-06-17,2017-05-12
77,2017,13787,2017-04-14,2017-08-12,2017-05-24,2017-04-14
0,2021,15449,2021-09-22,2021-11-17,2021-08-29,2021-11-17
1,2021,15447,2021-08-23,2021-11-11,2021-09-08,2021-05-31
2,2021,15253,2021-10-26,2021-06-04,2021-08-31,2021-06-20
3,2021,15251,2021-05-31,2021-09-08,2021-09-08,2021-04-17
4,2021,15250,2021-03-30,2021-11-09,2021-09-06,2021-11-09
5,2021,15245,2021-07-21,2021-10-21,2021-06-11,2021-10-21
6,2021,15243,2021-06-20,2021-09-12,2021-08-07,2021-11-07
7,2021,15237,2021-04-01,2021-10-30,2021-08-07,2021-04-01
8,2021,15229,2021-08-29,2021-09-18,2021-09-14,2021-03-30
9,2021,15188,2021-06-30,2021-10-24,2021-07-16,2021-03-30
10,2021,15148,2021-07-12,2021-09-10,2021-07-20,2021-10-08
11,2021,15141,2021-07-08,2021-11-01,2021-08-13,2021-07-04
12,2021,15140,2021-07-22,2021-10-06,2021-09-04,2021-10-22
13,2021,15138,2021-08-13,2021-04-03,2021-09-02,2021-07-12
14,2021,15133,2021-06-25,2021-10-23,2021-09-21,2021-06-21
15,2021,15130,2021-09-06,2021-06-18,2021-11-01,2021-06-18
16,2021,15124,2021-03-25,2021-10-23,2021-10-07,2021-03-25
17,2021,15107,2021-06-02,2021-11-09,2021-08-01,2021-05-09
18,2021,15097,2021-06-24,2021-09-16,2021-09-04,2021-11-11
19,2021,15077,2021-07-20,2021-11-09,2021-09-10,2021-11-09
20,2021,15021,2021-03-28,2021-11-11,2021-07-06,2021-11-11
21,2020,15449,2020-07-21,2020-06-23,2020-11-06,2020-07-21
22,2020,15447,2020-11-07,2020-06-28,2020-05-07,2020-09-24
23,2020,15253,2020-09-15,2020-08-06,2020-11-10,2020-08-18
24,2020,15251,2020-11-06,2020-09-23,2020-07-09,2020-04-12
25,2020,15250,2020-11-04,2020-09-25,2020-11-04,2020-10-03
26,2020,15245,2020-09-15,2020-08-18,2020-07-17,2020-09-07
27,2020,15243,2020-11-15,2020-09-20,2020-09-12,2020-05-19
28,2020,15237,2020-09-08,2020-11-07,2020-09-28,2020-08-07
29,2020,15229,2020-06-01,2020-05-16,2020-10-31,2020-08-12
30,2020,15188,2020-06-09,2020-07-11,2020-11-08,2020-08-12
31,2020,15148,2020-05-18,2020-04-20,2020-06-19,2020-08-10
32,2020,15141,2020-10-17,2020-09-23,2020-11-06,2020-04-12
33,2020,15140,2020-10-15,2020-11-16,2020-11-08,2020-09-05
34,2020,15138,2020-05-03,2020-06-12,2020-05-31,2020-08-15
35,2020,15133,2020-04-21,2020-04-09,2020-05-03,2020-08-03
36,2020,15130,2020-07-25,2020-09-23,2020-11-06,2020-07-13
37,2020,15124,2020-11-06,2020-07-13,2020-11-06,2020-07-25
38,2020,15107,2020-03-27,2020-11-10,2020-04-16,2020-11-10
39,2020,15097,2020-11-07,2020-06-12,2020-04-17,2020-08-19
40,2020,15077,2020-06-15,2020-05-22,2020-11-06,2020-05-30
41,2020,15021,2020-09-12,2020-06-24,2020-04-21,2020-07-18
42,2019,15449,2019-05-02,2019-07-25,2019-06-03,2019-08-06
43,2019,15447,2019-05-21,2019-06-06,2019-06-02,2019-07-20
44,2019,15253,2019-10-27,2019-05-12,2019-04-14,2019-06-09
45,2019,15251,2019-10-27,2019-09-17,2019-07-31,2019-10-15
46,2019,15250,2019-11-03,2019-07-18,2019-06-16,2019-10-26
47,2019,15245,2019-08-23,2019-11-15,2019-06-24,2019-03-28
48,2019,15243,2019-04-16,2019-03-31,2019-05-22,2019-07-21
49,2019,15237,2019-04-07,2019-06-30,2019-06-26,2019-07-20
50,2019,15229,2019-10-21,2019-08-26,2019-08-22,2019-10-09
51,2019,15188,2019-06-01,2019-08-08,2019-06-25,2019-11-04
52,2019,15148,2019-05-16,2019-11-04,2019-05-28,2019-11-04
53,2019,15141,2019-10-30,2019-06-20,2019-05-03,2019-10-18
54,2019,15140,2019-10-27,2019-05-12,2019-04-22,2019-09-29
55,2019,15138,2019-10-08,2019-06-02,2019-05-17,2019-09-26
56,2019,15133,2019-05-13,2019-11-17,2019-05-17,2019-11-17
57,2019,15130,2019-09-09,2019-08-28,2019-05-12,2019-09-05
58,2019,15124,2019-06-21,2019-06-13,2019-04-30,2019-11-08
59,2019,15107,2019-09-15,2019-06-03,2019-04-12,2019-08-18
60,2019,15097,2019-10-25,2019-06-03,2019-05-18,2019-09-23
61,2019,15077,2019-05-15,2019-07-14,2019-05-23,2019-08-07
62,2019,15021,2019-08-20,2019-10-07,2019-08-24,2019-10-07
63,2018,15449,2018-11-17,2018-05-05,2018-04-19,2018-11-09
64,2018,15447,2018-10-12,2018-06-18,2018-05-29,2018-08-21
65,2018,15253,2018-04-02,2018-10-23,2018-04-22,2018-10-23
66,2018,15251,2018-05-11,2018-07-26,2018-06-24,2018-05-03
67,2018,15250,2018-11-13,2018-08-09,2018-06-14,2018-09-02
68,2018,15245,2018-06-03,2018-05-22,2018-05-02,2018-10-21
69,2018,15243,2018-11-17,2018-08-01,2018-07-08,2018-09-30
70,2018,15237,2018-04-14,2018-11-16,2018-06-29,2018-11-16
71,2018,15229,2018-10-12,2018-11-13,2018-05-29,2018-10-04
72,2018,15188,2018-06-26,2018-07-24,2018-06-30,2018-03-26
73,2018,15148,2018-04-02,2018-06-05,2018-04-14,2018-08-20
74,2018,15141,2018-07-09,2018-07-01,2018-07-17,2018-11-02
75,2018,15140,2018-06-06,2018-07-04,2018-06-26,2018-03-26
76,2018,15138,2018-03-30,2018-05-21,2018-05-13,2018-06-26
77,2018,15133,2018-04-18,2018-04-02,2018-07-03,2018-05-04
78,2018,15130,2018-05-06,2018-03-27,2018-05-18,2018-08-06
79,2018,15124,2018-06-24,2018-06-04,2018-05-07,2018-08-03
80,2018,15107,2018-04-02,2018-07-23,2018-11-04,2018-04-02
81,2018,15097,2018-10-23,2018-11-16,2018-06-13,2018-10-15
82,2018,15077,2018-06-09,2018-08-20,2018-06-13,2018-04-02
83,2018,15021,2018-09-25,2018-07-07,2018-05-16,2018-08-04
84,2017,15449,2017-07-07,2017-06-17,2017-08-08,2017-04-18
85,2017,15447,2017-11-02,2017-08-02,2017-05-22,2017-08-10
86,2017,15251,2017-06-02,2017-04-03,2017-08-21,2017-05-01
87,2017,15250,2017-04-30,2017-10-15,2017-05-28,2017-04-30
88,2017,15245,2017-08-12,2017-07-27,2017-06-25,2017-08-04
89,2017,15243,2017-04-10,2017-11-12,2017-05-08,2017-11-12
90,2017,15237,2017-06-24,2017-05-27,2017-05-27,2017-06-24
91,2017,15229,2017-07-09,2017-10-17,2017-09-27,2017-06-19
92,2017,15188,2017-08-18,2017-07-17,2017-05-30,2017-07-21
93,2017,15148,2017-09-25,2017-08-12,2017-05-24,2017-10-31
94,2017,15141,2017-09-10,2017-11-09,2017-04-03,2017-09-02
95,2017,15140,2017-10-28,2017-09-14,2017-05-13,2017-07-16
96,2017,15138,2017-10-21,2017-07-05,2017-04-24,2017-08-14
97,2017,15133,2017-04-24,2017-11-10,2017-05-14,2017-11-10
98,2017,15130,2017-04-03,2017-09-22,2017-05-25,2017-10-20
99,2017,15124,2017-11-05,2017-09-26,2017-04-03,2017-10-24
100,2017,15107,2017-11-12,2017-06-25,2017-05-24,2017-09-17
101,2017,15097,2017-08-14,2017-11-02,2017-06-03,2017-07-13
102,2017,15077,2017-07-19,2017-06-17,2017-05-08,2017-07-03
103,2017,15021,2017-11-17,2017-08-21,2017-06-10,2017-10-20
0,2021,16076,2021-03-30,2021-10-24,2021-08-25,2021-03-30
1,2021,15975,2021-10-30,2021-09-20,2021-08-07,2021-10-22
2,2021,15952,2021-07-30,2021-10-06,2021-08-11,2021-10-06
3,2021,15920,2021-06-07,2021-04-08,2021-10-09,2021-05-30
4,2021,15908,2021-04-06,2021-10-31,2021-08-20,2021-04-06
5,2021,15905,2021-04-20,2021-08-10,2021-09-03,2021-04-20
6,2021,15815,2021-04-22,2021-07-11,2021-10-23,2021-04-18
7,2021,15814,2021-04-21,2021-09-12,2021-09-04,2021-10-22
8,2021,15551,2021-09-25,2021-11-08,2021-10-11,2021-11-08
9,2021,15541,2021-05-29,2021-11-09,2021-10-28,2021-05-17
10,2021,15534,2021-10-20,2021-11-09,2021-09-06,2021-03-30
11,2021,15510,2021-07-28,2021-07-08,2021-10-12,2021-07-12
12,2021,15509,2021-03-30,2021-11-05,2021-05-29,2021-11-05
13,2021,15508,2021-08-13,2021-11-05,2021-09-02,2021-11-05
14,2021,15505,2021-05-01,2021-11-05,2021-10-04,2021-11-05
15,2021,15500,2021-09-26,2021-11-05,2021-10-04,2021-04-03
16,2021,15495,2021-06-10,2021-10-24,2021-07-20,2021-10-24
17,2021,15479,2021-07-27,2021-09-17,2021-08-12,2021-10-11
18,2020,16076,2020-09-09,2020-09-21,2020-09-13,2020-04-10
19,2020,15975,2020-07-10,2020-05-19,2020-08-31,2020-05-19
20,2020,15952,2020-06-28,2020-10-26,2020-04-25,2020-10-26
21,2020,15920,2020-09-15,2020-10-25,2020-05-10,2020-11-06
22,2020,15908,2020-10-31,2020-10-03,2020-04-22,2020-10-23
23,2020,15905,2020-10-12,2020-09-26,2020-09-18,2020-09-30
24,2020,15815,2020-09-09,2020-10-03,2020-09-29,2020-10-11
25,2020,15814,2020-05-31,2020-08-15,2020-08-07,2020-04-25
26,2020,15551,2020-08-28,2020-03-25,2020-09-01,2020-04-02
27,2020,15541,2020-11-08,2020-09-29,2020-07-27,2020-10-07
28,2020,15534,2020-06-03,2020-10-09,2020-06-23,2020-11-06
29,2020,15510,2020-09-29,2020-11-12,2020-09-09,2020-11-12
30,2020,15509,2020-09-13,2020-08-08,2020-05-04,2020-08-16
31,2020,15508,2020-07-29,2020-11-10,2020-09-23,2020-07-21
32,2020,15505,2020-10-13,2020-11-10,2020-11-06,2020-10-09
33,2020,15500,2020-06-15,2020-08-18,2020-08-02,2020-10-01
34,2020,15495,2020-09-10,2020-03-30,2020-09-10,2020-11-05
35,2020,15479,2020-06-24,2020-05-03,2020-09-12,2020-05-15
36,2019,16076,2019-06-05,2019-08-28,2019-07-27,2019-06-01
37,2019,15975,2019-08-25,2019-09-02,2019-08-25,2019-11-17
38,2019,15952,2019-08-03,2019-07-14,2019-06-28,2019-11-15
39,2019,15920,2019-08-25,2019-07-16,2019-09-18,2019-07-20
40,2019,15908,2019-04-07,2019-07-16,2019-10-08,2019-05-17
41,2019,15905,2019-05-24,2019-09-21,2019-06-05,2019-09-25
42,2019,15815,2019-09-21,2019-06-21,2019-06-17,2019-05-16
43,2019,15814,2019-07-20,2019-07-04,2019-06-26,2019-04-11
44,2019,15551,2019-11-08,2019-10-03,2019-11-08,2019-03-29
45,2019,15541,2019-10-01,2019-09-15,2019-09-11,2019-09-27
46,2019,15534,2019-10-29,2019-07-25,2019-05-06,2019-07-29
47,2019,15510,2019-04-15,2019-04-23,2019-04-19,2019-04-07
48,2019,15509,2019-10-27,2019-06-21,2019-06-09,2019-06-29
49,2019,15508,2019-10-13,2019-10-29,2019-06-15,2019-10-01
50,2019,15505,2019-10-05,2019-04-28,2019-10-29,2019-09-23
51,2019,15500,2019-09-11,2019-03-31,2019-10-13,2019-07-25
52,2019,15495,2019-10-21,2019-08-26,2019-05-14,2019-10-01
53,2019,15479,2019-04-12,2019-07-21,2019-09-19,2019-04-12
54,2018,16076,2018-04-08,2018-11-18,2018-11-10,2018-04-08
55,2018,15975,2018-05-12,2018-10-03,2018-09-21,2018-11-16
56,2018,15952,2018-11-17,2018-07-28,2018-04-27,2018-08-17
57,2018,15920,2018-04-17,2018-11-15,2018-05-11,2018-11-15
58,2018,15908,2018-11-09,2018-10-20,2018-07-16,2018-11-01
59,2018,15905,2018-04-06,2018-06-01,2018-05-28,2018-04-26
60,2018,15815,2018-10-09,2018-08-30,2018-05-22,2018-09-07
61,2018,15814,2018-11-16,2018-04-02,2018-06-13,2018-04-14
62,2018,15551,2018-04-08,2018-08-06,2018-05-10,2018-04-08
63,2018,15541,2018-09-03,2018-08-26,2018-05-18,2018-08-30
64,2018,15534,2018-07-03,2018-11-04,2018-06-01,2018-04-02
65,2018,15510,2018-10-04,2018-08-01,2018-10-08,2018-08-09
66,2018,15509,2018-10-27,2018-10-15,2018-05-12,2018-10-23
67,2018,15508,2018-04-02,2018-06-05,2018-05-16,2018-04-02
68,2018,15505,2018-09-05,2018-08-20,2018-05-12,2018-09-01
69,2018,15500,2018-04-02,2018-06-09,2018-11-16,2018-04-02
70,2018,15495,2018-11-16,2018-08-20,2018-05-28,2018-08-28
71,2018,15479,2018-08-17,2018-04-07,2018-05-21,2018-04-15
72,2017,16076,2017-04-03,2017-09-14,2017-06-22,2017-10-16
73,2017,15975,2017-07-06,2017-05-27,2017-05-27,2017-06-24
74,2017,15952,2017-10-12,2017-06-14,2017-05-25,2017-10-04
75,2017,15908,2017-09-19,2017-08-02,2017-07-13,2017-08-22
76,2017,15905,2017-06-12,2017-04-21,2017-07-18,2017-04-29
77,2017,15815,2017-11-05,2017-04-03,2017-11-05,2017-10-08
78,2017,15814,2017-10-13,2017-04-24,2017-07-05,2017-05-02
79,2017,15551,2017-11-05,2017-10-16,2017-11-05,2017-10-24
80,2017,15541,2017-11-05,2017-09-18,2017-11-05,2017-04-03
81,2017,15534,2017-11-12,2017-09-01,2017-08-12,2017-05-16
82,2017,15510,2017-06-23,2017-04-24,2017-04-24,2017-06-03
83,2017,15509,2017-11-12,2017-09-17,2017-07-07,2017-04-30
84,2017,15508,2017-04-27,2017-05-25,2017-05-05,2017-11-13
85,2017,15505,2017-11-13,2017-09-02,2017-08-13,2017-10-16
86,2017,15500,2017-06-25,2017-09-13,2017-08-12,2017-04-30
87,2017,15495,2017-04-20,2017-11-06,2017-07-17,2017-04-20
88,2017,15479,2017-08-15,2017-06-16,2017-05-27,2017-07-06
0,2021,19700,2021-03-29,2021-09-05,2021-08-24,2021-03-29
1,2021,19562,2021-07-26,2021-10-22,2021-04-25,2021-09-08
2,2021,19555,2021-04-23,2021-11-13,2021-05-17,2021-11-13
3,2021,19554,2021-11-06,2021-06-19,2021-09-03,2021-05-18
4,2021,19522,2021-04-01,2021-09-08,2021-09-04,2021-04-01
5,2021,19488,2021-11-01,2021-09-10,2021-09-02,2021-06-22
6,2021,19487,2021-08-01,2021-11-05,2021-05-29,2021-11-05
7,2021,19435,2021-05-30,2021-04-28,2021-06-07,2021-08-18
8,2020,19700,2020-11-07,2020-09-20,2020-09-12,2020-10-18
9,2020,19562,2020-11-03,2020-09-20,2020-05-15,2020-10-10
10,2020,19555,2020-04-27,2020-11-13,2020-09-18,2020-04-11
11,2020,19554,2020-10-27,2020-11-12,2020-07-27,2020-10-15
12,2020,19522,2020-08-29,2020-11-01,2020-09-30,2020-11-01
13,2020,19488,2020-08-19,2020-08-07,2020-09-16,2020-05-19
14,2020,19487,2020-10-27,2020-10-03,2020-06-13,2020-10-11
15,2020,19435,2020-07-04,2020-09-10,2020-08-09,2020-05-17
16,2019,19700,2019-08-25,2019-11-09,2019-09-14,2019-07-20
17,2019,19562,2019-10-11,2019-09-05,2019-04-18,2019-03-29
18,2019,19555,2019-08-27,2019-10-30,2019-09-24,2019-07-30
19,2019,19554,2019-08-18,2019-08-02,2019-10-21,2019-08-06
20,2019,19522,2019-09-10,2019-08-25,2019-06-14,2019-09-06
21,2019,19488,2019-06-25,2019-07-03,2019-06-01,2019-07-23
22,2019,19487,2019-03-28,2019-07-26,2019-04-29,2019-07-30
23,2019,19435,2019-11-10,2019-06-03,2019-04-24,2019-07-17
24,2018,19700,2018-07-16,2018-05-21,2018-05-09,2018-08-13
25,2018,19562,2018-03-26,2018-07-12,2018-06-30,2018-03-26
26,2018,19555,2018-06-01,2018-07-07,2018-06-17,2018-08-24
27,2018,19554,2018-08-12,2018-07-27,2018-06-29,2018-10-19
28,2018,19522,2018-10-03,2018-11-12,2018-05-28,2018-11-12
29,2018,19488,2018-07-27,2018-07-11,2018-07-03,2018-06-01
30,2018,19487,2018-04-19,2018-05-09,2018-05-05,2018-04-07
31,2018,19435,2018-11-15,2018-07-02,2018-05-07,2018-08-19
32,2017,19700,2017-08-22,2017-08-02,2017-06-11,2017-08-14
33,2017,19562,2017-04-03,2017-05-09,2017-04-27,2017-10-16
34,2017,19555,2017-10-29,2017-06-11,2017-10-29,2017-08-10
35,2017,19554,2017-11-12,2017-09-05,2017-11-12,2017-10-15
36,2017,19522,2017-11-10,2017-05-14,2017-11-10,2017-06-03
37,2017,19488,2017-06-03,2017-04-24,2017-06-11,2017-05-02
38,2017,19487,2017-04-27,2017-10-12,2017-09-02,2017-04-27
0,2021,19735,2021-08-21,2021-11-09,2021-04-03,2021-11-13
1,2021,19734,2021-10-08,2021-11-01,2021-08-29,2021-11-01
2,2020,19735,2020-11-11,2020-07-06,2020-09-20,2020-07-22
3,2020,19734,2020-06-23,2020-09-15,2020-09-11,2020-11-06
4,2019,19735,2019-05-12,2019-04-22,2019-04-18,2019-09-21
5,2019,19734,2019-10-09,2019-05-10,2019-06-23,2019-03-31
6,2018,19735,2018-08-20,2018-08-04,2018-09-17,2018-08-12
7,2018,19734,2018-11-17,2018-05-21,2018-05-13,2018-10-24
8,2017,19735,2017-07-05,2017-04-24,2017-11-02,2017-06-15
9,2017,19734,2017-08-05,2017-06-18,2017-08-13,2017-07-04
